VIAMONTE;1500;490;600000;1224,5;;6;5;;;FRENTE;;;;5;SI;;;A REF;ZONAPROP.COM_TRIBUNALES;1500 VIAMONTE;VIAMONTE;100;L;SAN NICOLAS;1;2.288.975.233;1
DUMONT, SANTOS;3500;52;99900;1921,2;;3;2;5;;FRENTE;;;;1;;;BALCON;;ARGENPROP.COM/PALERMO;3500 DUMONT, SANTOS;SANTOS DUMONT;95;L;CHACARITA;15;3.118.091.649;3
FRAGA;700;71;135000;1901,4;;2;1;;A ESTRENAR;FRENTE;;;SI;1;;;TERRAZA;;ZONAPROP/CHACARITA;700 FRAGA;FRAGA;100;L;CHACARITA;15;3.118.091.649;3
PERON, EVA;1000;41;82200;2004,9;;1;0;;A ESTRENAR;CONTRAFRENTE;;SI;SI;0;SI;SI;BALCON TERRAZA;;ZONAPROP.COM_PARQUE CHACABUCO;1000 PERON, EVA;AV. EVA PERON;31;;PARQUE CHACABUCO;7;3.833.086.018;4
ROOSEVELT FRANKLIN D.;5000;78;134000;1717,9;PB;0;0;;;;;;;0;;;PATIO;;ARGENPROP.COM/VILLAURQUIZA;5000 ROOSEVELT FRANKLIN D.;AV. FRANKLIN D. ROOSEVELT;96;L;VILLA URQUIZA;12;5.448.470.069;3
FORMOSA;200;72;186000;2584,8;;3;2;;A ESTRENAR;FRENTE;;;;2;SI;;TERRAZA;;ZONAPROP/CABALLITO;200 FORMOSA;FORMOSA;100;L;CABALLITO;6;6.851.079.059;3
CORDOBA;2700;40;100000;2500;;0;0;;;;;;;0;;;;;ZONAPROP/ABASTO;2700 CORDOBA;AV. CORDOBA;100;L;BALVANERA;3;4.341.063.997;3
VIAMONTE;300;63;110000;1746;;3;2;35;;FRENTE;;;;0;SI;;;;ZONAPROP/CENTRO;300 VIAMONTE;VIAMONTE;100;L;SAN NICOLAS;1;2.288.975.233;1
FREIRE, RAMON, CAP. GRAL.;2400;70;239000;3414,3;;3;2;;A ESTRENAR;CONTRAFRENTE;;;SI;2;SI;;TERRAZA;;ZONAPROP/COGHLAN;2400 FREIRE, RAMON, CAP. GRAL.;CAPITAN GENERAL RAMON FREIRE;89;L;BELGRANO;13;7.929.988.805;2
DEL LIBERTADOR;5500;70;184000;2628,6;;3;2;;;FRENTE;;;SI;1;SI;;TERRAZA;;ZONAPROP/BELGRANO;5500 DEL LIBERTADOR;AV. DEL LIBERTADOR;100;L;BELGRANO;13;7.929.988.805;2
TUNEZ;2500;102;210000;2058,8;;3;2;;;FRENTE;;;;2;;;TERRAZA;;ZONAPROP/BELGRANO;2500 TUNEZ;TUNEZ;37;;BELGRANO;13;7.929.988.805;2
BALCARCE, FLORENCIO;100;160;370000;2312,5;;4;3;40;;FRENTE;;SI;SI;2;SI;;TERRAZA;;ZONAPROP/CABALLITO;100 BALCARCE, FLORENCIO;FLORENCIO BALCARCE;96;L;CABALLITO;6;6.851.079.059;3
SANTA FE;1100;23;69900;3039,1;;2;1;40;;LATERAL;;;;0;;;;;INMUEBLESCLARIN.COM/BARIO NORTE;1100 SANTA FE;AV. SANTA FE;100;L;RETIRO;1;4.547.765.746;1
POSADAS;1323;46;125000;2717,4;9;2;1;35;;CONTRAFRENTE;;SI;;0;SI;;PATIO;;INMUEBLESCLARIN.COM/BARIO NORTE;1323 POSADAS;POSADAS;100;R;RECOLETA;2;6.146.826.409;2
LIVERPOOL;2800;53;85000;1603,8;;0;0;;A ESTRENAR;FRENTE;;;;1;;;TERRAZA;;ARGENPROP.COM/VILLAURQUIZA;2800 LIVERPOOL;LIVERPOOL;37;;PARQUE CHAS;15;1.384.889.921;3
REGIMIENTO DE PATRICIOS;800;65;130000;2000;;2;1;;A ESTRENAR;FRENTE;;;;0;;;;;INMUEBLESCLARIN.COM/BARRACAS;800 REGIMIENTO DE PATRICIOS;AV. REGIMIENTO DE PATRICIOS;100;L;BARRACAS;4;7.878.302.179;4
CABILDO;3900;31;87000;2806,5;10;1;1;;A ESTRENAR;FRENTE;;;;1;;;;;BUSCAINMUEBLE/NUÑEZ;3900 CABILDO;AV. CABILDO;100;L;SAAVEDRA;12;5.536.171.349;2
SANTA FE;2100;150;399000;2660;8;3;3;82;;FRENTE;SEMIPISO;SI;;2;SI;SI;BALCON;;ARGENPROP.COM/BARRIONORTE;2100 SANTA FE;AV. SANTA FE;100;L;RECOLETA;2;6.146.826.409;2
GODOY CRUZ;2500;48;95000;1979,2;2;3;2;45;;CONTRAFRENTE;POR ESCALERA;;;1;;;TERRAZA;;ARGENPROP.COM/PALERMO;2500 GODOY CRUZ;GODOY CRUZ;100;L;PALERMO;14;15.773.573.191;2
GURRUCHAGA;200;92;220000;2391,3;13;3;3;35;;FRENTE;;;;1;SI;SI;BALCON;;ARGENPROP.COM/VILLACRESPO;200 GURRUCHAGA;GURRUCHAGA;100;L;VILLA CRESPO;15;3.613.373.642;3
REPUBLICA ARABE-SIRIA;3100;40;77000;1925;PB;2;1;40;;INTERNO;;;;1;;;PATIO;;ARGENPROP.COM/PALERMO;3100 REPUBLICA ARABE-SIRIA;REPUBLICA ARABE-SIRIA;93;L;PALERMO;14;15.773.573.191;2
RIVADAVIA;3200;72;110000;1527,8;2;4;3;40;;FRENTE;;;;0;SI;SI;TERRAZA;;INMUEBLESCLARIN.COM/ALMAGRO;3200 RIVADAVIA;AV. RIVADAVIA;100;L;BALVANERA;3;4.341.063.997;3
LOPEZ, CARLOS ANTONIO;4100;43;98000;2279,1;1;0;0;;A ESTRENAR;CONTRAFRENTE;;;;1;;;BALCON;;ARGENPROP.COM/VILLADEVOTO;4100 LOPEZ, CARLOS ANTONIO;CARLOS ANTONIO LOPEZ;96;L;VILLA DEVOTO;11;6.403.818.336;3
CORRIENTES;3900;75;152000;2026,7;5;2;2;;;FRENTE;;SI;SI;1;;;BALCON;;ARGENPROP.COM/ALMAGRO;3900 CORRIENTES;AV. CORRIENTES;100;L;ALMAGRO;5;4.051.222.618;3
GOYENA, PEDRO;1100;140;385000;2750;;4;3;9;;FRENTE;;SI;SI;3;SI;;TERRAZA;;ZONAPROP/CABALLITO;1100 GOYENA, PEDRO;AV. PEDRO GOYENA;94;L;CABALLITO;6;6.851.079.059;3
BURELA;2100;32;69500;2171,9;1;0;0;;A ESTRENAR;FRENTE;;;;1;;;BALCON;;ARGENPROP.COM/VILLAURQUIZA;2100 BURELA;BURELA;100;L;VILLA URQUIZA;12;5.448.470.069;3
GARAY, JUAN DE;700;44;125000;2840,9;6;2;1;3;;FRENTE;;;SI;0;;;BALCON;;ZONAPROP.COM_SAN TELMO;700 GARAY, JUAN DE;AV. JUAN DE GARAY;95;L;SAN TELMO;1;1.233.152,82;4
SARANDI;1100;433;650000;1501,2;;5;4;;;;;;SI;0;;SI;;;ZONAPROP.COM_SAN CRISTOBAL;1100 SARANDI;SARANDI;100;L;SAN CRISTOBAL;3;2.043.952.644;4
PLAZA;2400;50;90000;1800;;3;2;;;INTERNO;;;;1;SI;;;;ZONAPROP/COGHLAN;2400 PLAZA;PLAZA;100;L;VILLA URQUIZA;12;5.448.470.069;3
HOLMBERG;2400;50;97000;1940;;1;1;;A ESTRENAR;FRENTE;;;;1;;;TERRAZA;;ZONAPROP/COGHLAN;2400 HOLMBERG;HOLMBERG;100;L;VILLA URQUIZA;12;5.448.470.069;3
NAVARRO;4700;180;250000;1388,9;2;4;4;;;FRENTE;;;SI;1;;SI;TERRAZA;;ARGENPROP.COM/VILLADEVOTO;4700 NAVARRO;NAVARRO;100;L;VILLA DEVOTO;11;6.403.818.336;3
SUPERI;4300;53;125000;2358,5;;2;1;;A ESTRENAR;CONTRAFRENTE;DUPLEX;;;1;;;TERRAZA;;BUSCAINMUEBLE/SAAVEDRA;4300 SUPERI;SUPERI;100;L;SAAVEDRA;12;5.536.171.349;2
GUARDIA VIEJA;3800;52;110000;2115,4;;2;1;5;;CONTRAFRENTE;;;SI;0;;;;;INMUEBLESCLARIN.COM/ALMAGRO;3800 GUARDIA VIEJA;GUARDIA VIEJA;100;L;ALMAGRO;5;4.051.222.618;3
ALVEAR, MARCELO T. DE;1600;240;785000;3270,8;7;5;4;70;;FRENTE;;SI;;3;SI;SI;;;BUSCAINMUEBLE/RECOLETA;1600 ALVEAR, MARCELO T. DE;MARCELO T. DE ALVEAR;93;L;RECOLETA;2;6.146.826.409;2
GALLO;600;74;175000;2364,9;;4;3;14;;FRENTE;;SI;;2;;;BALCON;;ARGENPROP.COM/BALVANERA;600 GALLO;GALLO;100;L;ALMAGRO;5;4.051.222.618;3
CORTINA;1900;110;115000;1045,5;;3;2;;A ESTRENAR;CONTRAFRENTE;;;;0;;;TERRAZA;;ZONAPROP.COM_VERSALLES;1900 CORTINA;CORTINA;100;L;MONTE CASTRO;10;2.625.868.961;3
CONSTITUCION;3100;39;61000;1564,1;;2;1;;40;CONTRAFRENTE;;;;1;;;TERRAZA;;ZONAPROP/BOEDO;3100 CONSTITUCION;CONSTITUCION;100;L;SAN CRISTOBAL;3;2.043.952.644;4
BEIRO, FRANCISCO;3300;35;79500;2271,4;;2;1;;A ESTRENAR;;;;;0;;;;;ZONAPROP.COM_VILLA DEL PARQUE;3300 BEIRO, FRANCISCO;AV. FRANCISCO BEIRO;95;L;VILLA DEL PARQUE;11;3.398.880.018;3
RIVADAVIA;11000;45;70000;1555,6;;2;1;50;;;;;;0;SI;SI;PATIO;;ZONAPROP.COM_LINIERS;11000 RIVADAVIA;AV. RIVADAVIA;100;L;LINIERS;9;4.374.207.539;3
CABILDO;1600;32;67000;2093,8;;2;1;40;;LATERAL;;;;1;;;;;ZONAPROP/BELGRANO;1600 CABILDO;AV. CABILDO;100;L;BELGRANO;13;7.929.988.805;2
ROCHA;1600;77;90000;1168,8;17;4;3;35;;LATERAL;;;;0;;;;;INMUEBLESCLARIN.COM/BARRACAS;1600 ROCHA;ROCHA;100;L;BARRACAS;4;7.878.302.179;4
FOULLIER, FELIX O.;5800;63;95000;1507,9;;0;0;;A ESTRENAR;CONTRAFRENTE;;;;1;;;;;ARGENPROP.COM/VILLAURQUIZA;5800 FOULLIER, FELIX O.;FELIX O. FOUILLER;30;;VILLA URQUIZA;12;5.448.470.069;3
PACHECO;3000;43;79900;1858,1;;1;0;;;;;;;0;;;BALCON;;ARGENPROP.COM/VILLAURQUIZA;3000 PACHECO;PACHECO;100;L;VILLA URQUIZA;12;5.448.470.069;3
24 DE NOVIEMBRE;1600;35;53000;1514,3;;1;1;35;;CONTRAFRENTE;;;;1;;;TERRAZA;;ZONAPROP/BOEDO;1600 24 DE NOVIEMBRE;24 DE NOVIEMBRE;100;L;PARQUE PATRICIOS;4;3.743.273.658;4
LAPRIDA;1000;43;88000;2046,5;;2;1;35;;FRENTE;;;;1;;;TERRAZA;;ZONAPROP/BARRIO NORTE;1000 LAPRIDA;LAPRIDA;100;L;RECOLETA;2;6.146.826.409;2
BILBAO, FRANCISCO;2000;250;470000;1880;;5;4;37;;FRENTE;;SI;SI;4;SI;SI;TERRAZA;;ZONAPROP/FLORES;2000 BILBAO, FRANCISCO;FRANCISCO BILBAO;96;L;FLORES;7;8.594.550.061;3
NAZARRE;3200;84;145000;1726,2;;3;2;;;CONTRAFRENTE;;;;0;SI;;PATIO;;ZONAPROP.COM_VILLA DEL PARQUE;3200 NAZARRE;NAZARRE;100;L;VILLA DEL PARQUE;11;3.398.880.018;3
LARRALDE, CRISOLOGO;2400;38;97000;2552,6;1;2;1;30;;INTERNO;;;;1;;;TERRAZA;;BUSCAINMUEBLE/NUÑEZ;2400 LARRALDE, CRISOLOGO;CRISOLOGO LARRALDE;96;L;NUÑEZ;13;4.351.538.489;2
LAUTARO;400;177;295000;1666,7;;4;3;40;;FRENTE;;;SI;3;;;TERRAZA;;ZONAPROP/FLORES;400 LAUTARO;LAUTARO;100;L;FLORES;7;8.594.550.061;3
PACHECO DE MELO, JOSE ANDRES;1900;33;119500;3621,2;;2;1;;;CONTRAFRENTE;;;;1;;;;;ARGENPROP.COM/BARRIONORTE;1900 PACHECO DE MELO, JOSE ANDRES;JOSE ANDRES PACHECO DE MELO;95;L;RECOLETA;2;6.146.826.409;2
SAN BLAS;1900;34;66500;1955,9;;1;0;;;FRENTE;;;;0;;;;;ZONAPROP.COM_PATERNAL;1900 SAN BLAS;SAN BLAS;100;L;VILLA GRAL. MITRE;11;2.162.702.276;3
ARAOZ;200;135;335000;2481,5;10;3;3;;A ESTRENAR;CONTRAFRENTE;DUPLEX;;;1;;;TERRAZA;;ARGENPROP.COM/VILLACRESPO;200 ARAOZ;ARAOZ;100;L;VILLA CRESPO;15;3.613.373.642;3
MATURIN;2300;186;152000;817,2;;4;3;60;;CONTRAFRENTE;DUPLEX;;;0;SI;SI;TERRAZA;;ZONAPROP.COM_PATERNAL;2300 MATURIN;MATURIN;100;L;PATERNAL;15;2.229.856.457;3
3 DE FEBRERO;900;81;202000;2493,8;;2;1;;;FRENTE;;;SI;1;;;TERRAZA;;ZONAPROP/BELGRANO;900 3 DE FEBRERO;3 DE FEBRERO;100;L;PALERMO;14;15.773.573.191;2
CORRIENTES;4000;50;125000;2500;;2;1;;;LATERAL;;;;0;SI;;;;INMUEBLESCLARIN.COM/ALMAGRO;4000 CORRIENTES;AV. CORRIENTES;100;L;ALMAGRO;5;4.051.222.618;3
NAON, ROMULO;4000;72;140000;1944,4;;2;1;4;;CONTRAFRENTE;DUPLEX;;SI;1;;;TERRAZA;;BUSCAINMUEBLE/SAAVEDRA;4000 NAON, ROMULO;DR. ROMULO S. NAON;94;L;SAAVEDRA;12;5.536.171.349;2
THORNE;1300;66;93000;1409,1;2;3;2;;A ESTRENAR;FRENTE;;SI;;0;SI;;;;ZONAPROP.COM_PARQUE CHACABUCO;1300 THORNE;THORNE;100;L;PARQUE CHACABUCO;7;3.833.086.018;4
ARENALES;3400;34;97000;2852,9;;1;1;40;;INTERNO;;;;1;;;;;ARGENPROP.COM/PALERMO;3400 ARENALES;ARENALES;100;L;PALERMO;14;15.773.573.191;2
MERCEDES;3100;135;370000;2740,7;;4;3;2;;CONTRAFRENTE;;;SI;0;;;BALCON;;ARGENPROP.COM/VILLADEVOTO;3100 MERCEDES;MERCEDES;100;L;VILLA DEVOTO;11;6.403.818.336;3
CUBAS, JOSE;2100;34;73500;2161,8;2;2;0;;;CONTRAFRENTE;POR ESCALERA;;;0;;;;;ARGENPROP.COM/VILLAPUEYRREDON;2100 CUBAS, JOSE;JOSE CUBAS;31;;VILLA PUEYRREDON;12;3.302.910,10;3
RAMOS MEJIA;1000;30;78000;2600;2;2;1;40;;LATERAL;;;;0;;;;;ZONAPROP.COM_PARQUE CENTENARIO;1000 RAMOS MEJIA;RAMOS MEJIA;100;L;CABALLITO;6;6.851.079.059;3
FREIRE, RAMON, CAP. GRAL.;1000;57;130000;2295,6;;1;1;;A ESTRENAR;FRENTE;;;SI;1;;;TERRAZA;;ZONAPROP/COLEGIALES;1000 FREIRE, RAMON, CAP. GRAL.;CAPITAN GENERAL RAMON FREIRE;89;L;COLEGIALES;13;2.288.708.124;2
MUZILLI CAROLINA;5500;65;125000;1923,1;;3;2;;;FRENTE;;;;0;;;BALCON;;ZONAPROP.COM_MATADEROS;5500 MUZILLI CAROLINA;CAROLINA MUZILLI;96;L;MATADEROS;9;7.398.564,74;4
MILLER;2300;51;99300;1947,1;2;0;0;;A ESTRENAR;FRENTE;;;;1;;;BALCON;;ARGENPROP.COM/VILLAURQUIZA;2300 MILLER;MILLER;100;L;VILLA URQUIZA;12;5.448.470.069;3
DIAZ COLODRERO;2700;45;92500;2055,6;;2;1;6;;CONTRAFRENTE;;;;1;;;BALCON;;ARGENPROP.COM/VILLAURQUIZA;2700 DIAZ COLODRERO;DIAZ COLODRERO;100;L;VILLA URQUIZA;12;5.448.470.069;3
SARMIENTO;3700;32;75500;2359,4;;1;0;;;FRENTE;;;SI;0;;;;;INMUEBLESCLARIN.COM/ALMAGRO;3700 SARMIENTO;AV. SARMIENTO;100;L;ALMAGRO;5;4.051.222.618;3
LIBERTAD;800;29;75000;2586,2;;1;0;;;CONTRAFRENTE;;;;0;;;;;ZONAPROP.COM_RETIRO;800 LIBERTAD;LIBERTAD;100;L;SAN NICOLAS;1;2.288.975.233;1
EUCLIDES;4800;53;87500;1650,9;;3;2;;;;;;;1;;;;;ARGENPROP.COM/VILLALURO;4800 EUCLIDES;EUCLIDES;37;;VILLA LURO;10;2.566.739.336;3
MILLER;3600;97;225000;2319,6;3;2;2;;A ESTRENAR;CONTRAFRENTE;;;SI;2;SI;;BALCON;;ARGENPROP.COM/VILLAURQUIZA;3600 MILLER;MILLER;100;L;SAAVEDRA;12;5.536.171.349;2
BAIGORRIA;3300;102;210000;2058,8;5;4;3;40;;FRENTE;;;SI;1;SI;;;;ARGENPROP.COM/VILLADELPARQUE;3300 BAIGORRIA;BAIGORRIA;100;L;VILLA DEL PARQUE;11;3.398.880.018;3
INDEPENDENCIA;4100;105;245000;2333,3;;4;3;7;;FRENTE;;;;2;SI;;;;INMUEBLESCLARIN.COM/ALMAGRO;4100 INDEPENDENCIA;AV. INDEPENDENCIA;100;L;BOEDO;5;2.607.835.114;4
ANASAGASTI;2000;160;308000;1925;;3;2;80;;FRENTE;;;;2;;SI;TERRAZA;;ARGENPROP.COM/PALERMO;2000 ANASAGASTI;ANASAGASTI;37;;PALERMO;14;15.773.573.191;2
LAVALLE;1620;60;115000;1916,7;;3;2;;;FRENTE;;;;0;;;BALCON;RECIC;ZONAPROP.COM_MONSERRAT;1620 LAVALLE;LAVALLE;100;L;SAN NICOLAS;1;2.288.975.233;1
BELGRANO;2200;110;155000;1409,1;;3;2;60;;FRENTE;;;;0;SI;SI;BALCON;;INMUEBLESCLARIN.COM/BALVANERA;2200 BELGRANO;AV. BELGRANO;100;L;BALVANERA;3;4.341.063.997;3
SANTA FE;3000;101;315000;3118,8;9;3;2;35;;FRENTE;;SI;SI;0;SI;SI;TERRAZA;;INMUEBLESCLARIN.COM/BARIO NORTE;3000 SANTA FE;AV. SANTA FE;100;L;RECOLETA;2;6.146.826.409;2
COLOMBRES;100;43;75000;1744,2;4;2;1;;44;LATERAL;;;;1;SI;;;;ARGENPROP.COM/ALMAGRO;100 COLOMBRES;COLOMBRES;100;L;ALMAGRO;5;4.051.222.618;3
PLAZA;1000;53;106000;2000;;2;1;;A ESTRENAR;;;;;0;;;BALCON;;ZONAPROP.COM_VILLA ORTUZAR;1000 PLAZA;PLAZA;100;L;VILLA ORTUZAR;15;1.853.740.362;3
RUIZ HUIDOBRO;3900;115;232000;2017,4;;5;4;33;;FRENTE;;SI;SI;2;;;;;BUSCAINMUEBLE/SAAVEDRA;3900 RUIZ HUIDOBRO;AV. RUIZ HUIDOBRO;100;L;SAAVEDRA;12;5.536.171.349;2
HABANA;3900;165;650000;3939,4;;4;3;;A ESTRENAR;;;SI;SI;3;SI;;TERRAZA;;ARGENPROP.COM/VILLADEVOTO;3900 HABANA;HABANA;100;L;VILLA DEVOTO;11;6.403.818.336;3
LOPEZ, VICENTE;2200;35;155000;4428,6;;1;0;;;FRENTE;;;;0;;;;;INMUEBLESCLARIN.COM/BARIO NORTE;2200 LOPEZ, VICENTE;VICENTE LOPEZ;95;L;RECOLETA;2;6.146.826.409;2
MANSO JUANA;400;350;1500000;4285,7;;5;4;;;FRENTE;;SI;SI;5;SI;;TERRAZA;;ZONAPROP/PUERTO MADERO;400 MANSO JUANA;JUANA MANSO;100;L;PUERTO MADERO;1;5.025.406.025;1
DE LOS INCAS;4800;87;148000;1701,1;1;2;2;;A ESTRENAR;FRENTE;;;;2;SI;;TERRAZA;;ARGENPROP.COM/VILLAURQUIZA;4800 DE LOS INCAS;AV. DE LOS INCAS;100;L;PARQUE CHAS;15;1.384.889.921;3
PINO, VIRREY DEL;2400;40;80000;2000;;2;1;50;;LATERAL;;;;1;;;;;ZONAPROP/BELGRANO;2400 PINO, VIRREY DEL;VIRREY DEL PINO;95;L;BELGRANO;13;7.929.988.805;2
RIVADAVIA;3400;21;55000;2619;11;1;1;35;;CONTRAFRENTE;;;;1;;;TERRAZA;;BUSCAINMUEBLE/ALMAGRO;3400 RIVADAVIA;AV. RIVADAVIA;100;L;BALVANERA;3;4.341.063.997;3
O'HIGGINS;2300;205;470000;2292,7;;4;3;35;;FRENTE;;;SI;4;SI;SI;TERRAZA;;ZONAPROP/NUÑEZ;2300 O'HIGGINS;O' HIGGINS;92;L;BELGRANO;13;7.929.988.805;2
VENEZUELA;900;54;98000;1814,8;;2;1;85;;FRENTE;;;;0;SI;SI;BALCON;;ZONAPROP.COM_MONSERRAT;900 VENEZUELA;VENEZUELA;100;L;MONTSERRAT;1;2.200.624.563;1
BOULOGNE SUR MER;600;80;110000;1375;;0;0;60;;CONTRAFRENTE;;;;1;SI;;BALCON;;ARGENPROP.COM/ABASTO;600 BOULOGNE SUR MER;BOULOGNE SUR MER;100;L;BALVANERA;3;4.341.063.997;3
SAN JUAN;2700;70;130000;1857,1;;3;2;30;;;;;;0;;;;;ZONAPROP.COM_SAN CRISTOBAL;2700 SAN JUAN;AV. SAN JUAN;100;L;SAN CRISTOBAL;3;2.043.952.644;4
LAVALLEJA;700;129;276000;2139,5;1;3;3;;;FRENTE;;;SI;2;;;TERRAZA;;ARGENPROP.COM/VILLACRESPO;700 LAVALLEJA;LAVALLEJA;100;L;VILLA CRESPO;15;3.613.373.642;3
MATIENZO BENJAMINTTE.;1600;144;390000;2708,3;9;3;3;35;;FRENTE;;SI;SI;2;;SI;TERRAZA;;ARGENPROP.COM/PALERMO;1600 MATIENZO BENJAMINTTE.;TTE. BENJAMIN MATIENZO;91;L;PALERMO;14;15.773.573.191;2
ALVEAR;1400;151;680000;4503,3;;4;3;;;FRENTE;;SI;SI;2;SI;SI;TERRAZA;;BUSCAINMUEBLE/BARRIO NORTE;1400 ALVEAR;AV. ALVEAR;100;L;RETIRO;1;4.547.765.746;1
JUSTO, JUAN B.;9100;52;88000;1692,3;;3;2;45;;FRENTE;;;SI;0;SI;;;;ZONAPROP.COM_VERSALLES;9100 JUSTO, JUAN B.;AV. JUAN B. JUSTO;90;L;LINIERS;9;4.374.207.539;3
JUJUY;1000;459;550000;1198,3;;5;4;;;FRENTE;;;;5;;;;;ZONAPROP.COM_SAN CRISTOBAL;1000 JUJUY;AV. JUJUY;100;L;SAN CRISTOBAL;3;2.043.952.644;4
TANDIL;5600;33;50000;1515,2;;1;0;3;;CONTRAFRENTE;;;;0;SI;SI;TERRAZA;;ZONAPROP.COM_MATADEROS;5600 TANDIL;TANDIL;100;L;MATADEROS;9;7.398.564,74;4
RODRIGUEZ PEÑA;1700;38;195000;5131,6;1;0;0;2;;FRENTE;;;SI;1;;;BALCON;;ARGENPROP.COM/BARRIONORTE;1700 RODRIGUEZ PEÑA;RODRIGUEZ PEÑA;90;L;RECOLETA;2;6.146.826.409;2
DIAZ, CNEL.;2500;32;115500;3609,4;4;2;1;50;;CONTRAFRENTE;;;;1;;;BALCON;;ARGENPROP.COM/PALERMO;2500 DIAZ, CNEL.;AV. CORONEL DIAZ;88;L;PALERMO;14;15.773.573.191;2
SEGUI JUAN FRANCISCO;4600;300;850000;2833,3;5;4;4;28;;FRENTE;PISO;SI;SI;4;;;BALCON;;ARGENPROP.COM/PALERMO;4600 SEGUI JUAN FRANCISCO;JUAN FRANCISCO SEGUI;96;L;PALERMO;14;15.773.573.191;2
VUELTA DE OBLIGADO;4000;49;118000;2408,2;2;3;2;45;;FRENTE;;;;1;SI;;TERRAZA;;BUSCAINMUEBLE/NUÑEZ;4000 VUELTA DE OBLIGADO;VUELTA DE OBLIGADO;100;L;NUÑEZ;13;4.351.538.489;2
BULNES;1200;37;96159;2598,9;4;0;0;;A ESTRENAR;CONTRAFRENTE;;;;1;;;BALCON;;ARGENPROP.COM/PALERMO;1200 BULNES;BULNES;100;L;ALMAGRO;5;4.051.222.618;3
AMENABAR;2500;147;269900;1836,1;2;5;3;20;;FRENTE;;;SI;4;;;;;;2500 AMENABAR;AMENABAR;100;L;BELGRANO;13;7.929.988.805;2
MONTEVIDEO;1600;167;480000;2874,3;4;4;3;60;;FRENTE;;SI;SI;0;SI;SI;;;INMUEBLESCLARIN.COM/BARIO NORTE;1600 MONTEVIDEO;MONTEVIDEO;100;L;RECOLETA;2;6.146.826.409;2
HUMBOLDT;2400;70;270000;3857,1;7;3;2;1;;;;;SI;0;;;BALCON TERRAZA;;ARGENPROP.COM/PALERMO;2400 HUMBOLDT;HUMBOLDT;100;L;PALERMO;14;15.773.573.191;2
BALBASTRO;2000;55;65900;1198,2;1;2;1;60;;FRENTE;POR ESCALERA;;;0;SI;SI;PATIO;;ZONAPROP.COM_PARQUE CHACABUCO;2000 BALBASTRO;BALBASTRO;100;L;PARQUE CHACABUCO;7;3.833.086.018;4
PAVON;3800;70;130000;1857,1;;3;2;31;;FRENTE;;;;1;SI;;TERRAZA;;ZONAPROP/BOEDO;3800 PAVON;AV. PAVON;100;L;BOEDO;5;2.607.835.114;4
CARRIL, SALVADOR MARIA DEL;2600;80;235000;2937,5;4;2;2;5;;FRENTE;;;SI;2;SI;;BALCON;;ARGENPROP.COM/VILLAPUEYRREDON;2600 CARRIL, SALVADOR MARIA DEL;AV. SALVADOR MARIA DEL CARRIL;97;L;AGRONOMIA;15;2.122.760,91;3
ALVEAR, MARCELO T. DE;2100;102;210000;2058,8;;2;2;60;;FRENTE;;;;1;SI;SI;;;ARGENPROP.COM/BARRIONORTE;2100 ALVEAR, MARCELO T. DE;MARCELO T. DE ALVEAR;93;L;RECOLETA;2;6.146.826.409;2
BOEDO;500;45;95000;2111,1;;2;1;;;;;;;1;;;BALCON;;ARGENPROP.COM/ALMAGRO;500 BOEDO;AV. BOEDO;100;L;ALMAGRO;5;4.051.222.618;3
BERUTI;3300;49;220000;4489,8;;2;1;;A ESTRENAR;FRENTE;;;;1;SI;;BALCON;;ARGENPROP.COM/BARRIONORTE;3300 BERUTI;BERUTI;100;L;RECOLETA;2;6.146.826.409;2
BAIGORRIA;3100;32;98000;3062,5;;2;1;30;;FRENTE;;SI;SI;0;SI;SI;TERRAZA;;ZONAPROP.COM_VILLA DEL PARQUE;3100 BAIGORRIA;BAIGORRIA;100;L;VILLA DEL PARQUE;11;3.398.880.018;3
HONDURAS;3800;53;178000;3358,5;1;2;2;;A ESTRENAR;FRENTE;SEMIPISO;;;2;;;BALCON;;ARGENPROP.COM/PALERMO;3800 HONDURAS;HONDURAS;100;L;PALERMO;14;15.773.573.191;2
AVILES, VIRREY;3800;200;290000;1450;;5;4;;;FRENTE;;;;0;;;TERRAZA;;ZONAPROP.COM_VILLA ORTUZAR;3800 AVILES, VIRREY;VIRREY AVILES;95;L;VILLA ORTUZAR;15;1.853.740.362;3
SEGUROLA;1500;39;77000;1974,4;;1;1;10;;FRENTE;;SI;;1;SI;;TERRAZA;;ZONAPROP/MONTE CASTRO;1500 SEGUROLA;AV. SEGUROLA;100;L;VELEZ SARSFIELD;10;2.400.948.744;3
CONESA;100;38;90000;2368,4;5;1;1;;25;CONTRAFRENTE;;;;1;SI;;BALCON;;ARGENPROP.COM/PALERMO;100 CONESA;CONESA;100;L;PALERMO;14;15.773.573.191;2
ACOYTE;200;106;189000;1783;3;4;3;35;;FRENTE;;SI;SI;0;;SI;PATIO;;ZONAPROP.COM_PARQUE CENTENARIO;200 ACOYTE;AV. ACOYTE;100;L;CABALLITO;6;6.851.079.059;3
DIAZ COLODRERO;2600;48;127500;2656,3;6;1;1;27;;FRENTE;;;SI;1;SI;;BALCON;;ARGENPROP.COM/VILLAURQUIZA;2600 DIAZ COLODRERO;DIAZ COLODRERO;100;L;VILLA URQUIZA;12;5.448.470.069;3
HUMBERTO 1°;300;130;210000;1615,4;PB;3;2;;A ESTRENAR;;;SI;;0;SI;;;;ZONAPROP.COM_SAN TELMO;300 HUMBERTO 1°;HUMBERTO 1º;100;L;SAN TELMO;1;1.233.152,82;4
ECUADOR;300;36;57500;1597,2;;0;0;40;;INTERNO;;;;1;SI;;;;ARGENPROP.COM/ABASTO;300 ECUADOR;ECUADOR;100;L;BALVANERA;3;4.341.063.997;3
URUGUAY;700;100;230000;2300;;4;3;30;;CONTRAFRENTE;;SI;SI;0;SI;SI;BALCON;;ZONAPROP.COM_TRIBUNALES;700 URUGUAY;AV. URUGUAY;100;L;SAN NICOLAS;1;2.288.975.233;1
ECHEVERRIA;5200;60;126000;2100;1;1;1;;A ESTRENAR;FRENTE;;;;2;;;BALCON;;ARGENPROP.COM/VILLAURQUIZA;5200 ECHEVERRIA;ECHEVERRIA;100;L;VILLA URQUIZA;12;5.448.470.069;3
SOLIS;700;59;106000;1796,6;;3;2;60;;FRENTE;;;;1;SI;;;;ZONAPROP/CONGRESO;700 SOLIS;SOLIS;100;L;MONTSERRAT;1;2.200.624.563;1
GALVAN;2800;82;155000;1890,2;;2;2;;A ESTRENAR;FRENTE;;SI;SI;2;SI;;TERRAZA;;ARGENPROP.COM/VILLAURQUIZA;2800 GALVAN;GALVAN;100;L;VILLA URQUIZA;12;5.448.470.069;3
DIAZ, CNEL.;2500;55;145000;2636,4;1;3;2;60;;FRENTE;;;;1;;;;;ARGENPROP.COM/BARRIONORTE;2500 DIAZ, CNEL.;AV. CORONEL DIAZ;88;L;PALERMO;14;15.773.573.191;2
POLA;1138;37;74000;2000;;1;0;;;CONTRAFRENTE;;;;0;;;TERRAZA;;ZONAPROP.COM_MATADEROS;1138 POLA;POLA;100;L;MATADEROS;9;7.398.564,74;4
PUEYRREDON;200;35;60000;1714,3;11;1;1;;A ESTRENAR;;;;;0;;;;;ARGENPROP.COM/BALVANERA;200 PUEYRREDON;AV. PUEYRREDON;100;L;BALVANERA;3;4.341.063.997;3
ROMA;1000;130;138000;1061,5;;4;3;25;;CONTRAFRENTE;;;;0;SI;;TERRAZA;;ZONAPROP.COM_VERSALLES;1000 ROMA;ROMA;100;L;VERSALLES;10;1.407.296.672;3
CUENCA;4400;66;105000;1590,9;2;3;2;35;;CONTRAFRENTE;POR ESCALERA;;;1;SI;;BALCON;;ARGENPROP.COM/VILLAPUEYRREDON;4400 CUENCA;CUENCA;100;L;VILLA PUEYRREDON;12;3.302.910,10;3
BESARES;1600;38;98000;2578,9;;1;1;;A ESTRENAR;FRENTE;;;;1;;;TERRAZA;;BUSCAINMUEBLE/NUÑEZ;1600 BESARES;BESARES;37;;NUÑEZ;13;4.351.538.489;2
LOZANO, PEDRO;3700;110;210000;1909,1;;4;3;35;;FRENTE;;SI;SI;2;SI;SI;TERRAZA;;ZONAPROP.COM_VILLA DEL PARQUE;3700 LOZANO, PEDRO;PEDRO LOZANO;94;L;VILLA DEL PARQUE;11;3.398.880.018;3
ESTADO DE ISRAEL;4500;50;100000;2000;;2;1;;;INTERNO;;;;1;SI;;TERRAZA;;ZONAPROP/ALMAGRO;4500 ESTADO DE ISRAEL;AV. ESTADO DE ISRAEL;100;L;ALMAGRO;5;4.051.222.618;3
ACUÑA DE FIGUEROA, FRANCISCO;400;55;103000;1872,7;7;3;0;30;;FRENTE;;;;1;SI;;BALCON;;ARGENPROP.COM/ALMAGRO;400 ACUÑA DE FIGUEROA, FRANCISCO;FRANCISCO ACUÑA DE FIGUEROA;95;L;ALMAGRO;5;4.051.222.618;3
MEXICO;1800;70;110000;1571,4;;3;2;50;;FRENTE;;;;0;SI;;BALCON;;INMUEBLESCLARIN.COM/BALVANERA;1800 MEXICO;MEXICO;100;L;BALVANERA;3;4.341.063.997;3
PARERA;100;178;550000;3089,9;4;4;3;45;;FRENTE;;SI;;2;SI;SI;TERRAZA;;BUSCAINMUEBLE/RECOLETA;100 PARERA;PARERA;100;L;RETIRO;1;4.547.765.746;1
MILLER;2000;43;89000;2069,8;3;2;1;20;;CONTRAFRENTE;;;;1;SI;;BALCON;;ARGENPROP.COM/VILLAURQUIZA;2000 MILLER;MILLER;100;L;VILLA URQUIZA;12;5.448.470.069;3
LAFINUR;3200;310;1300000;4193,5;8;3;3;;A ESTRENAR;;DUPLEX;;;2;SI;SI;TERRAZA;;ARGENPROP.COM/PALERMO;3200 LAFINUR;LAFINUR;100;L;PALERMO;14;15.773.573.191;2
CERRITO;1200;283;765000;2703,2;;3;3;60;;FRENTE;;SI;SI;3;SI;SI;;;ARGENPROP.COM/BARRIONORTE;1200 CERRITO;CERRITO;100;L;RETIRO;1;4.547.765.746;1
SANTA FE;2200;32;85000;2656,3;;1;0;25;;FRENTE;;SI;;0;;;BALCON;;INMUEBLESCLARIN.COM/BARIO NORTE;2200 SANTA FE;AV. SANTA FE;100;L;RECOLETA;2;6.146.826.409;2
LAVALLE;2800;112;270000;2410,7;2;4;3;;A ESTRENAR;FRENTE;;;;4;SI;SI;BALCON;;ARGENPROP.COM/BALVANERA;2800 LAVALLE;LAVALLE;100;L;BALVANERA;3;4.341.063.997;3
MORENO, JOSE MARIA;300;90;195136;2168,2;;1;1;;A ESTRENAR;CONTRAFRENTE;DUPLEX;;;1;;;TERRAZA;;ARGENPROP.COM/ALMAGRO;300 MORENO, JOSE MARIA;AV. JOSE MARIA MORENO;96;L;CABALLITO;6;6.851.079.059;3
PELLEGRINI, CARLOS;1200;50;119000;2380;;1;1;50;;CONTRAFRENTE;;;;1;;;BALCON;;ARGENPROP.COM/BARRIONORTE;1200 PELLEGRINI, CARLOS;CARLOS PELLEGRINI;34;;RETIRO;1;4.547.765.746;1
BILBAO, FRANCISCO;2000;249;430000;1726,9;;5;4;35;;FRENTE;;SI;SI;4;SI;SI;TERRAZA;;ZONAPROP/FLORES;2000 BILBAO, FRANCISCO;FRANCISCO BILBAO;96;L;FLORES;7;8.594.550.061;3
MARMOL, JOSE;600;41;68000;1658,5;3;1;0;;;FRENTE;;;;0;;PILETA;;;INMUEBLESCLARIN.COM/ALMAGRO;600 MARMOL, JOSE;JOSE MARMOL;94;L;ALMAGRO;5;4.051.222.618;3
DIAZ VELEZ;3800;174;369000;2120,7;;5;4;12;;FRENTE;;SI;SI;4;SI;SI;TERRAZA;;ZONAPROP/ALMAGRO;3800 DIAZ VELEZ;AV. DIAZ VELEZ;100;L;ALMAGRO;5;4.051.222.618;3
SALGUERO, JERONIMO;1700;51;200000;3921,6;;2;1;;A ESTRENAR;FRENTE;;;SI;0;;;BALCON;;ARGENPROP.COM/PALERMO;1700 SALGUERO, JERONIMO;JERONIMO SALGUERO;96;L;PALERMO;14;15.773.573.191;2
AZARA;100;33;62400;1890,9;7;1;0;;;;;;SI;0;;;;;INMUEBLESCLARIN.COM/BARRACAS;100 AZARA;AZARA;100;L;BARRACAS;4;7.878.302.179;4
LAVALLE;4000;50;185000;3700;;1;1;3;;FRENTE;;;SI;1;;;BALCON;;ARGENPROP.COM/ALMAGRO;4000 LAVALLE;LAVALLE;100;L;ALMAGRO;5;4.051.222.618;3
SANCHEZ DE BUSTAMANTE;100;53;87000;1641,5;2;3;2;35;;FRENTE;;;;0;;;TERRAZA;;INMUEBLESCLARIN.COM/ALMAGRO;100 SANCHEZ DE BUSTAMANTE;SANCHEZ DE BUSTAMANTE;100;L;ALMAGRO;5;4.051.222.618;3
VILLAFLOR AZUCENA;400;165;800000;4848,5;;3;2;;A ESTRENAR;FRENTE;;;;0;SI;;;;ZONAPROP/PUERTO MADERO;400 VILLAFLOR AZUCENA;BOULEVAR AZUCENA VILLAFLOR;96;L;PUERTO MADERO;1;5.025.406.025;1
RIVADAVIA;7100;86;168000;1951,4;;4;3;40;;FRENTE;;SI;;1;SI;;TERRAZA;;ZONAPROP/FLORES;7100 RIVADAVIA;AV. RIVADAVIA;100;L;FLORES;7;8.594.550.061;3
SANTA FE;3200;148;350000;2364,9;6;5;3;55;;CONTRAFRENTE;;SI;;3;SI;;BALCON;;ARGENPROP.COM/PALERMO;3200 SANTA FE;AV. SANTA FE;100;L;RECOLETA;2;6.146.826.409;2
AREVALO;3000;104;495000;4759,6;;2;1;;;FRENTE;;;SI;0;;;TERRAZA;;INMUEBLESCLARIN.COM/BELGRANO;3000 AREVALO;AREVALO;100;L;PALERMO;14;15.773.573.191;2
GOYENA, PEDRO;600;101;278000;2752,5;;4;3;;A ESTRENAR;CONTRAFRENTE;;;;2;SI;;TERRAZA;;ZONAPROP/CABALLITO;600 GOYENA, PEDRO;AV. PEDRO GOYENA;94;L;CABALLITO;6;6.851.079.059;3
ARMENIA;2100;52;105000;2019,2;14;3;2;35;;;;SI;;1;SI;;;;ARGENPROP.COM/PALERMO;2100 ARMENIA;ARMENIA;100;L;PALERMO;14;15.773.573.191;2
CRAMER;3500;191;218000;1141,4;;5;4;33;;FRENTE;;;SI;3;SI;SI;TERRAZA;;ZONAPROP/NUÑEZ;3500 CRAMER;CRAMER;100;L;NUÑEZ;13;4.351.538.489;2
BELAUSTEGUI, LUIS, DR.;1700;45;89000;1977,8;;1;1;;;;PENT HOUSE;;;1;;;;;ARGENPROP.COM/VILLAGENERALMITRE;1700 BELAUSTEGUI, LUIS, DR.;DR. LUIS BELAUSTEGUI;57;L;VILLA GRAL. MITRE;11;2.162.702.276;3
DE LOS INCAS;5000;34;72000;2117,6;;0;0;;A ESTRENAR;FRENTE;;;;1;;;BALCON;;ARGENPROP.COM/VILLAURQUIZA;5000 DE LOS INCAS;AV. DE LOS INCAS;100;L;PARQUE CHAS;15;1.384.889.921;3
PACHECO DE MELO, JOSE ANDRES;2900;180;440000;2444,4;2;3;3;18;;FRENTE;;;SI;4;SI;SI;BALCON;;ARGENPROP.COM/BARRIONORTE;2900 PACHECO DE MELO, JOSE ANDRES;JOSE ANDRES PACHECO DE MELO;95;L;RECOLETA;2;6.146.826.409;2
CIUDAD DE LA PAZ;3200;54;111000;2055,6;;2;1;;1;FRENTE;;;;1;;;TERRAZA;;ZONAPROP/NUÑEZ;3200 CIUDAD DE LA PAZ;CIUDAD DE LA PAZ;100;L;NUÑEZ;13;4.351.538.489;2
PASCO;400;37;66000;1783,8;1;2;1;50;;FRENTE;;;;1;;;BALCON;;ARGENPROP.COM/BALVANERA;400 PASCO;PASCO;100;L;BALVANERA;3;4.341.063.997;3
CUBAS, JOSE;3600;134;200000;1492,5;3;4;3;45;;CONTRAFRENTE;;;;2;SI;;BALCON;;ARGENPROP.COM/VILLADEVOTO;3600 CUBAS, JOSE;JOSE CUBAS;94;L;VILLA DEVOTO;11;6.403.818.336;3
JURAMENTO;1900;195;473000;2425,6;;5;3;40;;FRENTE;;SI;SI;4;SI;SI;TERRAZA;;ZONAPROP/BELGRANO;1900 JURAMENTO;AV. JURAMENTO;37;;BELGRANO;13;7.929.988.805;2
YRIGOYEN, HIPOLITO;2200;78;105000;1346,2;;3;2;45;;FRENTE;;;;0;SI;SI;;;INMUEBLESCLARIN.COM/BALVANERA;2200 YRIGOYEN, HIPOLITO;HIPOLITO YRIGOYEN;96;L;BALVANERA;3;4.341.063.997;3
VIEYTES;1300;29;53000;1827,6;4;1;0;45;;LATERAL;;;;0;;;;;INMUEBLESCLARIN.COM/BARRACAS;1300 VIEYTES;VIEYTES;100;L;BARRACAS;4;7.878.302.179;4
PAVON;3700;70;104000;1485,7;;3;2;50;;CONTRAFRENTE;;;;1;SI;;TERRAZA;;ZONAPROP/BOEDO;3700 PAVON;AV. PAVON;100;L;BOEDO;5;2.607.835.114;4
AGUERO;700;35;73000;2085,7;2;0;0;1;;FRENTE;;;;0;;;;;INMUEBLESCLARIN.COM/ABASTO;700 AGUERO;AGÜERO;100;L;BALVANERA;3;4.341.063.997;3
TRIUNVIRATO;2900;47;80000;1702,1;4;1;1;;A ESTRENAR;;;;;0;;;;;ARGENPROP.COM/VILLAURQUIZA;2900 TRIUNVIRATO;AV. TRIUNVIRATO;100;L;VILLA ORTUZAR;15;1.853.740.362;3
PUEYRREDON;600;39;108600;2784,6;14;0;0;;A ESTRENAR;CONTRAFRENTE;;SI;;2;;;BALCON;;ARGENPROP.COM/BALVANERA;600 PUEYRREDON;AV. PUEYRREDON;100;L;BALVANERA;3;4.341.063.997;3
CABEZON, JOSE LEON;2900;42;89800;2138,1;1;2;1;45;;CONTRAFRENTE;POR ESCALERA;;;1;SI;;TERRAZA;;ARGENPROP.COM/VILLAPUEYRREDON;2900 CABEZON, JOSE LEON;JOSE LEON CABEZON;96;L;VILLA PUEYRREDON;12;3.302.910,10;3
ARENALES;2900;100;225000;2250;;3;3;40;;FRENTE;SEMIPISO;;;3;SI;SI;BALCON;;ARGENPROP.COM/BARRIONORTE;2900 ARENALES;ARENALES;100;L;RECOLETA;2;6.146.826.409;2
CALVO, CARLOS;2800;72;110000;1527,8;;3;2;;;;;SI;;0;SI;;TERRAZA;;ZONAPROP.COM_SAN CRISTOBAL;2800 CALVO, CARLOS;CARLOS CALVO;94;L;SAN CRISTOBAL;3;2.043.952.644;4
SANTIAGO DEL ESTERO;900;147;149000;1013,6;;3;2;;;FRENTE;;;;0;;;;;ZONAPROP.COM_MONSERRAT;900 SANTIAGO DEL ESTERO;SANTIAGO DEL ESTERO;100;L;CONSTITUCION;1;2.102.671.125;4
MELINCUE;2700;98;240000;2449;;4;4;;;;SEMIPISO;SI;SI;3;SI;SI;;;ARGENPROP.COM/VILLADELPARQUE;2700 MELINCUE;MELINCUE;100;L;VILLA DEL PARQUE;11;3.398.880.018;3
SALTA;1500;107;89000;831,8;;3;2;75;;FRENTE;;;;2;SI;;;;ZONAPROP/CONSTITUCION;1500 SALTA;SALTA;100;L;CONSTITUCION;1;2.102.671.125;4
BELGRANO;1300;28;66000;2357,1;5;0;0;;A ESTRENAR;CONTRAFRENTE;;;SI;1;;;TERRAZA;;ARGENPROP.COM/BALVANERA;1300 BELGRANO;AV. BELGRANO;100;L;MONTSERRAT;1;2.200.624.563;1
GASCON;600;55;87000;1581,8;;2;2;50;;LATERAL;;;;1;SI;;;;ARGENPROP.COM/ALMAGRO;600 GASCON;GASCON;100;L;ALMAGRO;5;4.051.222.618;3
JUFRE;200;92;133000;1445,7;2;4;3;45;;FRENTE;POR ESCALERA;;;1;SI;;BALCON;;ARGENPROP.COM/PALERMO;200 JUFRE;JUFRE;100;L;VILLA CRESPO;15;3.613.373.642;3
DEL LIBERTADOR;300;295;950000;3220,3;;5;4;;;;;;;0;;;;;ZONAPROP.COM_RETIRO;300 DEL LIBERTADOR;AV. DEL LIBERTADOR;100;L;RETIRO;1;4.547.765.746;1
BOLIVAR;300;44;140000;3181,8;;1;0;115;;FRENTE;;;;0;;;;RECIC;ZONAPROP.COM_MONSERRAT;300 BOLIVAR;BOLIVAR;100;L;MONTSERRAT;1;2.200.624.563;1
SAN JUAN;1874;34;50000;1470,6;10;0;0;;;;;;;0;;;;;INMUEBLESCLARIN.COM/BALVANERA;1874 SAN JUAN;AV. SAN JUAN;100;L;SAN CRISTOBAL;3;2.043.952.644;4
SIMBRON;3500;70;156000;2228,6;;3;2;12;;;;;SI;1;;;TERRAZA;;ZONAPROP/ABASTO;3500 SIMBRON;SIMBRON;100;L;VILLA DEL PARQUE;11;3.398.880.018;3
HUMBOLDT;1800;39;89500;2294,9;5;1;0;4;;CONTRAFRENTE;;;;1;SI;;BALCON;;ARGENPROP.COM/PALERMO;1800 HUMBOLDT;HUMBOLDT;100;L;PALERMO;14;15.773.573.191;2
ARROYO;800;154;470000;3051,9;2;4;3;40;;FRENTE;;;;2;SI;SI;TERRAZA;;BUSCAINMUEBLE/RECOLETA;800 ARROYO;ARROYO;37;;RETIRO;1;4.547.765.746;1
AGUERO;1300;45;115000;2555,6;PB;2;1;40;;FRENTE;;;;1;SI;;PATIO;;ARGENPROP.COM/BARRIONORTE;1300 AGUERO;AGÜERO;100;L;RECOLETA;2;6.146.826.409;2
SAN NICOLAS;1000;112;185000;1651,8;;3;2;;;;;;;0;SI;SI;TERRAZA;;ZONAPROP.COM_VILLA SANTA RITA;1000 SAN NICOLAS;SAN NICOLAS;100;L;VILLA SANTA RITA;11;2.153.947.048;3
JUNCAL;1600;320;870000;2716,6;;4;3;45;;FRENTE;;SI;SI;3;SI;SI;TERRAZA;;ZONAPROP/BARRIO NORTE;1600 JUNCAL;JUNCAL;37;;RECOLETA;2;6.146.826.409;2
MORENO;2900;47;72000;1531,9;1;1;1;40;;FRENTE;;;;1;SI;;BALCON;;ARGENPROP.COM/BALVANERA;2900 MORENO;MORENO;100;L;BALVANERA;3;4.341.063.997;3
CABILDO;4000;27;70000;2592,6;;1;1;40;;FRENTE;;;;1;;;TERRAZA;;BUSCAINMUEBLE/SAAVEDRA;4000 CABILDO;AV. CABILDO;100;L;SAAVEDRA;12;5.536.171.349;2
PARAGUAY;850;75;185000;2466,7;;3;2;;A ESTRENAR;;;;;2;;;;;ZONAPROP.COM_RETIRO;850 PARAGUAY;PARAGUAY;100;L;RETIRO;1;4.547.765.746;1
GELLY Y OBES, GRAL.;2200;131;435000;3320,6;7;4;3;;;FRENTE;;SI;SI;2;SI;SI;;;INMUEBLESCLARIN.COM/BARIO NORTE;2200 GELLY Y OBES, GRAL.;AV. GRAL. GELLY Y OBES;31;;RECOLETA;2;6.146.826.409;2
IRIGOYEN, BERNARDO DE;200;178;295000;1657,3;6;5;4;70;;FRENTE;;;;3;SI;SI;TERRAZA;;ZONAPROP.COM_MONSERRAT;200 IRIGOYEN, BERNARDO DE;BERNARDO DE IRIGOYEN;96;L;MONTSERRAT;1;2.200.624.563;1
ESCALADA DE SAN MARTIN, R.;3600;91;114000;1252,7;;2;1;;;;TRIPLEX;;;0;SI;SI;TERRAZA;;ZONAPROP.COM_LINIERS;3600 ESCALADA DE SAN MARTIN, R.;REMEDIOS DE ESCALADA DE SAN MARTIN;94;L;VILLA SANTA RITA;11;2.153.947.048;3
TRES SARGENTOS;400;50;160000;3200;;1;1;55;;FRENTE;LOFT;;;1;;;;;ARGENPROP.COM/BARRIONORTE;400 TRES SARGENTOS;TRES SARGENTOS;100;L;RETIRO;1;4.547.765.746;1
CONDARCO;3100;80;230000;2875;3;2;2;;5;;;SI;SI;2;SI;;TERRAZA;;ARGENPROP.COM/VILLADELPARQUE;3100 CONDARCO;CONDARCO;100;L;VILLA DEL PARQUE;11;3.398.880.018;3
MORAN, PEDRO;3500;110;230000;2090,9;4;2;2;30;;FRENTE;SEMIPISO;SI;SI;1;SI;;BALCON;;ARGENPROP.COM/VILLADEVOTO;3500 MORAN, PEDRO;PEDRO MORAN;94;L;VILLA DEVOTO;11;6.403.818.336;3
LAVALLEJA;100;75;150000;2000;7;2;1;1;;CONTRAFRENTE;;;;0;;;;;ZONAPROP.COM_SAN TELMO;100 LAVALLEJA;LAVALLE;85;L;SAN NICOLAS;1;2.288.975.233;1
RAMIREZ DE VELAZCO, JUAN;200;68;175000;2573,5;;0;0;;;FRENTE;;;SI;0;;;;;INMUEBLESCLARIN.COM/ALMAGRO;200 RAMIREZ DE VELAZCO, JUAN;JUAN RAMIREZ DE VELASCO;97;L;VILLA CRESPO;15;3.613.373.642;3
SANCHEZ DE BUSTAMANTE;1200;56;148000;2642,9;;2;1;9;;LATERAL;;;;0;;;;;INMUEBLESCLARIN.COM/BARIO NORTE;1200 SANCHEZ DE BUSTAMANTE;SANCHEZ DE BUSTAMANTE;100;L;RECOLETA;2;6.146.826.409;2
URIARTE;2300;38;97000;2552,6;2;2;1;;;;;;;1;SI;;;;ARGENPROP.COM/PALERMO;2300 URIARTE;URIARTE;100;L;PALERMO;14;15.773.573.191;2
ROOSEVELT FRANKLIN D.;4900;95;245000;2578,9;11;3;2;;A ESTRENAR;FRENTE;;;SI;2;SI;;TERRAZA;;ARGENPROP.COM/VILLAURQUIZA;4900 ROOSEVELT FRANKLIN D.;FRANKLIN D. ROOSEVELT;96;L;VILLA URQUIZA;12;5.448.470.069;3
LAS HERAS, GRAL.;3000;160;359900;2249,4;2;4;4;45;;FRENTE;SEMIPISO;SI;;4;SI;;TERRAZA;;ARGENPROP.COM/PALERMO;3000 LAS HERAS, GRAL.;AV. GRAL. LAS HERAS;91;L;RECOLETA;2;6.146.826.409;2
GUIDO;1900;56;79500;1419,6;;0;0;30;;CONTRAFRENTE;;;;1;;;BALCON;;ARGENPROP.COM/BARRIONORTE;1900 GUIDO;GUIDO;100;L;RECOLETA;2;6.146.826.409;2
BILLINGHURST;400;81;155000;1913,6;;3;3;35;;CONTRAFRENTE;SEMIPISO;SI;;1;SI;;;;ARGENPROP.COM/ALMAGRO;400 BILLINGHURST;BILLINGHURST;100;L;ALMAGRO;5;4.051.222.618;3
GASCON;700;53;118000;2226,4;;2;2;;;;;;;0;SI;;BALCON;;ARGENPROP.COM/ALMAGRO;700 GASCON;GASCON;100;L;ALMAGRO;5;4.051.222.618;3
DOBLAS;100;106;199000;1877,4;;4;3;40;;CONTRAFRENTE;;;;2;SI;;TERRAZA;;ZONAPROP/CABALLITO;100 DOBLAS;DOBLAS;37;;CABALLITO;6;6.851.079.059;3
NOGOYA;2400;43;85000;1976,7;2;2;1;;A ESTRENAR;CONTRAFRENTE;;;;1;;;TERRAZA;;ARGENPROP.COM/AGRONOMIA;2400 NOGOYA;NOGOYA;100;L;VILLA DEL PARQUE;11;3.398.880.018;3
LARRAZABAL;1300;297;170000;572,4;;4;3;30;;CONTRAFRENTE;;;;0;SI;SI;TERRAZA;;ZONAPROP.COM_MATADEROS;1300 LARRAZABAL;AV. LARRAZABAL;100;L;MATADEROS;9;7.398.564,74;4
PACHECO;2100;30;60000;2000;2;0;0;40;;INTERNO;;;;0;;;;;ARGENPROP.COM/VILLAURQUIZA;2100 PACHECO;PACHECO;100;L;VILLA URQUIZA;12;5.448.470.069;3
CULLEN;5100;54;99900;1850;2;3;2;45;;;POR ESCALERA;SI;;1;SI;;;;ARGENPROP.COM/VILLAURQUIZA;5100 CULLEN;CULLEN;100;L;VILLA URQUIZA;12;5.448.470.069;3
LOPEZ, CARLOS ANTONIO;2700;55;95000;1727,3;;2;1;;A ESTRENAR;;;;;0;;;;;ZONAPROP.COM_VILLA PUEYRREDON;2700 LOPEZ, CARLOS ANTONIO;CARLOS ANTONIO LOPEZ;96;L;VILLA PUEYRREDON;12;3.302.910,10;3
AGUERO;2000;110;375000;3409,1;11;3;2;15;;CONTRAFRENTE;;SI;SI;2;;;TERRAZA;;ARGENPROP.COM/BARRIONORTE;2000 AGUERO;AGÜERO;100;L;RECOLETA;2;6.146.826.409;2
LARRALDE, CRISOLOGO;3700;79;190000;2405,1;;3;2;;A ESTRENAR;FRENTE;;;SI;2;;;TERRAZA;;BUSCAINMUEBLE/SAAVEDRA;3700 LARRALDE, CRISOLOGO;CRISOLOGO LARRALDE;96;L;SAAVEDRA;12;5.536.171.349;2
SANTA FE;4800;46;86000;1869,6;5;2;1;35;;INTERNO;;;;0;;;BALCON;;ARGENPROP.COM/PALERMO;4800 SANTA FE;AV. SANTA FE;100;L;PALERMO;14;15.773.573.191;2
LAS HERAS, GRAL.;3800;143;399000;2790,2;;3;3;55;;CONTRAFRENTE;DUPLEX;SI;;2;SI;;;;ARGENPROP.COM/PALERMO;3800 LAS HERAS, GRAL.;AV. GRAL. LAS HERAS;91;L;PALERMO;14;15.773.573.191;2
PEÑA;3000;33;83000;2515,2;10;1;1;45;;CONTRAFRENTE;;;;1;;;;;ARGENPROP.COM/PALERMO;3000 PEÑA;PEÑA;100;L;RECOLETA;2;6.146.826.409;2
VARELA, JOSE PEDRO;4600;53;138000;2603,8;;3;2;40;;FRENTE;;;;0;SI;;;;ARGENPROP.COM/VILLADEVOTO;4600 VARELA, JOSE PEDRO;JOSE PEDRO VARELA;96;L;VILLA DEVOTO;11;6.403.818.336;3
RAMIREZ DE VELAZCO, JUAN;800;55;95000;1727,3;;2;1;35;;FRENTE;SEMIPISO;;;1;SI;;;;ARGENPROP.COM/PALERMO;800 RAMIREZ DE VELAZCO, JUAN;JUAN RAMIREZ DE VELASCO;97;L;VILLA CRESPO;15;3.613.373.642;3
PUEYRREDON;2000;92;230000;2500;;2;2;64;;FRENTE;;;;1;SI;SI;BALCON;;ARGENPROP.COM/BARRIONORTE;2000 PUEYRREDON;AV. PUEYRREDON;100;L;RECOLETA;2;6.146.826.409;2
AGUERO;2200;52;135000;2596,2;;1;1;40;;CONTRAFRENTE;;;;1;;;PATIO;;ARGENPROP.COM/BARRIONORTE;2200 AGUERO;AGÜERO;100;L;RECOLETA;2;6.146.826.409;2
LOZANO, PEDRO;3000;67;120000;1791;;3;2;;;;;;;0;;;;;ZONAPROP.COM_VILLA DEL PARQUE;3000 LOZANO, PEDRO;PEDRO LOZANO;94;L;VILLA DEL PARQUE;11;3.398.880.018;3
ROCA, JULIO A., PRES.;700;44;89500;2034,1;;1;0;2;;LATERAL;;;;0;;;BALCON;;ZONAPROP.COM_MONSERRAT;700 ROCA, JULIO A., PRES.;AV. PTE. JULIO A. ROCA;87;L;MONTSERRAT;1;2.200.624.563;1
AGUERO;2300;110;340000;3090,9;;4;3;;;;;;SI;1;;SI;BALCON;;ARGENPROP.COM/BARRIONORTE;2300 AGUERO;AGÜERO;100;L;RECOLETA;2;6.146.826.409;2
RIO DE JANEIRO;200;83;169000;2036,1;;4;3;40;;FRENTE;;SI;SI;2;SI;;TERRAZA;;ZONAPROP/CABALLITO;200 RIO DE JANEIRO;RIO DE JANEIRO;100;L;CABALLITO;6;6.851.079.059;3
BLANCO ENCALADA;5200;60;154900;2581,7;5;3;2;28;;FRENTE;;SI;SI;1;SI;;BALCON;;ARGENPROP.COM/VILLAURQUIZA;5200 BLANCO ENCALADA;BLANCO ENCALADA;100;L;VILLA URQUIZA;12;5.448.470.069;3
COLPAYO;700;60;195000;3250;;3;1;;4;FRENTE;;;;1;SI;;TERRAZA;;ZONAPROP/CABALLITO;700 COLPAYO;COLPAYO;100;L;CABALLITO;6;6.851.079.059;3
FALCON, RAMON L.,CNEL.;3800;58;103000;1775,9;;3;2;1;;FRENTE;;;;0;;;BALCON;;ZONAPROP.COM_LINIERS;3800 FALCON, RAMON L.,CNEL.;CNEL. RAMON L. FALCON;84;L;FLORESTA;10;2.321.309.375;3
ISABEL LA CATOLICA;1600;108;140000;1296,3;;4;3;;A ESTRENAR;FRENTE;;;SI;2;SI;SI;TERRAZA;;ZONAPROP/BARRACAS;1600 ISABEL LA CATOLICA;ISABEL LA CATOLICA;100;L;BARRACAS;4;7.878.302.179;4
VENEZUELA;700;59;110000;1864,4;;3;2;;;FRENTE;;;;0;;;PATIO;;ZONAPROP.COM_SAN TELMO;700 VENEZUELA;VENEZUELA;100;L;MONTSERRAT;1;2.200.624.563;1
SOLIS;300;90;145000;1611,1;;4;3;100;;CONTRAFRENTE;;;;2;SI;SI;TERRAZA;;ZONAPROP/CONGRESO;300 SOLIS;SOLIS;100;L;MONTSERRAT;1;2.200.624.563;1
BERUTI;4600;95;415000;4368,4;9;3;2;3;;FRENTE;;SI;SI;2;SI;;BALCON;;ARGENPROP.COM/PALERMO;4600 BERUTI;BERUTI;100;L;PALERMO;14;15.773.573.191;2
PUEYRREDON;1100;87;148000;1701,1;10;0;0;;;;;;;0;SI;SI;;;INMUEBLESCLARIN.COM/BARIO NORTE;1100 PUEYRREDON;AV. PUEYRREDON;100;L;RECOLETA;2;6.146.826.409;2
BAHIA BLANCA;3300;45;120000;2666,7;PB;1;1;10;;CONTRAFRENTE;LOFT;;SI;1;;;PATIO;;ARGENPROP.COM/VILLADEVOTO;3300 BAHIA BLANCA;BAHIA BLANCA;100;L;VILLA DEVOTO;11;6.403.818.336;3
RIVADAVIA;3400;108;195000;1805,6;10;3;3;30;;FRENTE;;;;2;;;BALCON;;ARGENPROP.COM/ALMAGRO;3400 RIVADAVIA;AV. RIVADAVIA;100;L;BALVANERA;3;4.341.063.997;3
QUINTANA;400;157;390000;2484,1;1;3;3;60;;FRENTE;;SI;;2;;SI;BALCON;;ARGENPROP.COM/BARRIONORTE;400 QUINTANA;PRESIDENTE QUINTANA;91;L;RECOLETA;2;6.146.826.409;2
TERRADA;900;130;315000;2423,1;;4;3;;A ESTRENAR;FRENTE;;;SI;3;;;;;ZONAPROP/FLORES;900 TERRADA;TERRADA;100;L;FLORES;7;8.594.550.061;3
LAVALLE;3300;60;178000;2966,7;4;2;2;15;;FRENTE;;SI;SI;1;SI;;BALCON;;ARGENPROP.COM/ABASTO;3300 LAVALLE;LAVALLE;100;L;ALMAGRO;5;4.051.222.618;3
DEL LIBERTADOR;4500;215;545000;2534,9;;3;3;;;;;SI;SI;3;SI;SI;BALCON;;ARGENPROP.COM/PALERMO;4500 DEL LIBERTADOR;AV. DEL LIBERTADOR;100;L;PALERMO;14;15.773.573.191;2
LOZANO, PEDRO;2600;69;138000;2000;;3;2;5;;FRENTE;;;;0;;;PATIO;;ZONAPROP.COM_VILLA DEL PARQUE;2600 LOZANO, PEDRO;PEDRO LOZANO;32;;VILLA DEL PARQUE;11;3.398.880.018;3
GARAY, JUAN DE;1200;42;55000;1309,5;;2;1;40;;CONTRAFRENTE;;;;1;SI;;TERRAZA;;ZONAPROP/CONSTITUCION;1200 GARAY, JUAN DE;AV. JUAN DE GARAY;95;L;CONSTITUCION;1;2.102.671.125;4
COLOMBRES;1300;46;78000;1695,7;;2;1;;20;CONTRAFRENTE;;;;1;SI;;TERRAZA;;ZONAPROP/BOEDO;1300 COLOMBRES;COLOMBRES;100;L;BOEDO;5;2.607.835.114;4
DEL LIBERTADOR;5200;192;850000;4427,1;;3;3;27;;FRENTE;;SI;SI;4;SI;SI;BALCON;;ARGENPROP.COM/PALERMO;5200 DEL LIBERTADOR;AV. DEL LIBERTADOR;100;L;PALERMO;14;15.773.573.191;2
BELAUSTEGUI, LUIS, DR.;2600;97;125000;1288,7;;4;3;70;;;;;;1;SI;;TERRAZA;;ARGENPROP.COM/VILLAGENERALMITRE;2600 BELAUSTEGUI, LUIS, DR.;DR. LUIS BELAUSTEGUI;57;L;VILLA GRAL. MITRE;11;2.162.702.276;3
DIAZ COLODRERO;2300;65;124000;1907,7;;3;2;45;;FRENTE;;;;1;;;BALCON;;ARGENPROP.COM/VILLAURQUIZA;2300 DIAZ COLODRERO;DIAZ COLODRERO;37;;VILLA URQUIZA;12;5.448.470.069;3
MANZONI;100;85;125000;1470,6;PB;2;2;35;;FRENTE;;;SI;1;;;;;ARGENPROP.COM/VILLALURO;100 MANZONI;MANZONI;100;L;VILLA LURO;10;2.566.739.336;3
MARMOL, JOSE;600;29;66000;2275,9;9;0;0;;A ESTRENAR;CONTRAFRENTE;;;;0;;;;;INMUEBLESCLARIN.COM/ALMAGRO;600 MARMOL, JOSE;JOSE MARMOL;94;L;ALMAGRO;5;4.051.222.618;3
RODRIGUEZ MARTIN;400;88;130000;1480,6;;4;2;;;LATERAL;;;;2;;;TERRAZA;;ZONAPROP/LA BOCA;400 RODRIGUEZ MARTIN;MARTIN RODRIGUEZ;96;L;BOCA;4;5.024.629.902;4
NAZARRE;3200;220;320000;1454,5;;4;4;60;;FRENTE;;;;0;;;BALCON;;ARGENPROP.COM/VILLADELPARQUE;3200 NAZARRE;NAZARRE;100;L;VILLA DEL PARQUE;11;3.398.880.018;3
REGIMIENTO DE PATRICIOS;1000;110;180000;1636,4;;1;1;;;FRENTE;;;SI;1;;;TERRAZA;;ZONAPROP/LA BOCA;1000 REGIMIENTO DE PATRICIOS;AV. REGIMIENTO DE PATRICIOS;100;L;BARRACAS;4;7.878.302.179;4
MISTRAL, GABRIELA;3000;38;107000;2815,8;;0;0;3;;CONTRAFRENTE;;;SI;1;;;BALCON;;ARGENPROP.COM/VILLAPUEYRREDON;3000 MISTRAL, GABRIELA;GABRIELA MISTRAL;96;L;VILLA PUEYRREDON;12;3.302.910,10;3
BLANES, JUAN MANUEL;400;62;76000;1224,8;;3;2;;;INTERNO;;;SI;2;;;TERRAZA;;ZONAPROP/LA BOCA;400 BLANES, JUAN MANUEL;JUAN MANUEL BLANES;96;L;BOCA;4;5.024.629.902;4
DUMONT, SANTOS;2400;110;340000;3090,9;3;3;3;6;;CONTRAFRENTE;;SI;SI;2;SI;;TERRAZA;;ARGENPROP.COM/PALERMO;2400 DUMONT, SANTOS;SANTOS DUMONT;95;L;PALERMO;14;15.773.573.191;2
CARRANZA, ANGEL JUSTINIANO;2300;93;258000;2774,2;;4;3;20;;CONTRAFRENTE;;;SI;2;SI;;BALCON;;ARGENPROP.COM/PALERMO;2300 CARRANZA, ANGEL JUSTINIANO;ANGEL JUSTINIANO CARRANZA;97;L;PALERMO;14;15.773.573.191;2
MORETO;100;57;150000;2631,6;;3;2;;;FRENTE;;;;0;;;;;ZONAPROP.COM_FLORESTA;100 MORETO;MORETO;100;L;VELEZ SARSFIELD;10;2.400.948.744;3
RIVERA PEDRO I. DR.;4000;70;158000;2257,1;1;2;2;30;;FRENTE;POR ESCALERA;;;1;SI;;;;ARGENPROP.COM/VILLAURQUIZA;4000 RIVERA PEDRO I. DR.;DR. PEDRO IGNACIO RIVERA;53;L;COGHLAN;12;1.280.052,73;2
LAVALLE;2100;40;99500;2487,5;;2;1;40;;CONTRAFRENTE;;;;0;;;;;ARGENPROP.COM/BALVANERA;2100 LAVALLE;LAVALLE;100;L;BALVANERA;3;4.341.063.997;3
CHACABUCO;800;143;259000;1811,2;;4;3;85;;INTERNO;;;;2;SI;SI;;;ZONAPROP.COM_SAN TELMO;800 CHACABUCO;CHACABUCO;100;L;SAN TELMO;1;1.233.152,82;4
CORDOBA;2600;63;125000;1984,1;;3;2;;35;CONTRAFRENTE;;SI;;1;;;BALCON;;ARGENPROP.COM/BARRIONORTE;2600 CORDOBA;AV. CORDOBA;100;L;BALVANERA;3;4.341.063.997;3
AMENABAR;1100;100;245000;2450;;4;1;20;;FRENTE;;SI;SI;1;;;TERRAZA;;ZONAPROP/BELGRANO;1100 AMENABAR;AMENABAR;100;L;COLEGIALES;13;2.288.708.124;2
CORRIENTES;1900;77;127000;1649,4;;3;2;;;;;;;0;;;;;INMUEBLESCLARIN.COM/BALVANERA;1900 CORRIENTES;AV. CORRIENTES;100;L;BALVANERA;3;4.341.063.997;3
LARRAYA;2200;30;49000;1633,3;PB;1;0;;;INTERNO;;;;0;SI;SI;TERRAZA;;ZONAPROP.COM_MATADEROS;2200 LARRAYA;LARRAYA;100;L;MATADEROS;9;7.398.564,74;4
DE MAYO;1400;205;280000;1365,9;;4;3;90;;FRENTE;;SI;;2;;;TERRAZA;;ZONAPROP/CONGRESO;1400 DE MAYO;AV. DE MAYO;100;L;MONTSERRAT;1;2.200.624.563;1
RODRIGUEZ PEÑA;100;107;130000;1215;;3;2;85;;FRENTE;;;;1;SI;SI;;;ZONAPROP/CONGRESO;100 RODRIGUEZ PEÑA;RODRIGUEZ PEÑA;90;L;SAN NICOLAS;1;2.288.975.233;1
SANCHEZ DE BUSTAMANTE;2100;87;250000;2873,6;2;3;3;35;;FRENTE;;SI;SI;1;SI;;;;ARGENPROP.COM/BARRIONORTE;2100 SANCHEZ DE BUSTAMANTE;SANCHEZ DE BUSTAMANTE;100;L;RECOLETA;2;6.146.826.409;2
DEAN FUNES;1100;58;130000;2241,4;;3;2;;;CONTRAFRENTE;;;SI;0;SI;SI;;;ZONAPROP.COM_SAN CRISTOBAL;1100 DEAN FUNES;DEAN FUNES;100;L;SAN CRISTOBAL;3;2.043.952.644;4
LIBERTI, TOMAS;1100;45;70000;1555,6;;2;1;30;;FRENTE;;;;0;;;;;INMUEBLESCLARIN.COM/BARRACAS;1100 LIBERTI, TOMAS;TOMAS LIBERTI;95;L;BOCA;4;5.024.629.902;4
BRAVO, MARIO;600;51;87000;1705,9;;2;1;38;;CONTRAFRENTE;;;;0;SI;;;;INMUEBLESCLARIN.COM/ALMAGRO;600 BRAVO, MARIO;MARIO BRAVO;94;L;ALMAGRO;5;4.051.222.618;3
ECUADOR;1100;57;110000;1916,4;;3;2;40;;FRENTE;;SI;;1;SI;;TERRAZA;;BUSCAINMUEBLE/BARRIO NORTE;1100 ECUADOR;ECUADOR;100;L;RECOLETA;2;6.146.826.409;2
PACHECO DE MELO, JOSE ANDRES;2000;89;220000;2471,9;;3;2;50;;CONTRAFRENTE;SEMIPISO;SI;;1;SI;;PATIO;;ARGENPROP.COM/BARRIONORTE;2000 PACHECO DE MELO, JOSE ANDRES;JOSE ANDRES PACHECO DE MELO;95;L;RECOLETA;2;6.146.826.409;2
HUMAHUACA;4100;33;63000;1909,1;;2;1;;;FRENTE;;;;0;;;BALCON;;INMUEBLESCLARIN.COM/ALMAGRO;4100 HUMAHUACA;HUMAHUACA;100;L;ALMAGRO;5;4.051.222.618;3
ALBERDI, JUAN BAUTISTA;1600;246;769000;3126;;5;4;;;FRENTE;;SI;SI;4;;;TERRAZA;;ZONAPROP/CABALLITO;1600 ALBERDI, JUAN BAUTISTA;AV. JUAN BAUTISTA ALBERDI;97;L;CABALLITO;6;6.851.079.059;3
ZAMUDIO;4600;41;74000;1804,9;;0;0;;A ESTRENAR;CONTRAFRENTE;;;;1;;;BALCON;;ARGENPROP.COM/VILLAPUEYRREDON;4600 ZAMUDIO;ZAMUDIO;100;L;VILLA PUEYRREDON;12;3.302.910,10;3
GARDEL, CARLOS;3100;38;70000;1842,1;;1;0;;;;;;;0;;;;;INMUEBLESCLARIN.COM/ABASTO;3100 GARDEL, CARLOS;CARLOS GARDEL;33;;BALVANERA;3;4.341.063.997;3
AUSTRIA;2500;36;137000;3805,6;;1;1;5;;FRENTE;;;;1;;;BALCON;;ARGENPROP.COM/BARRIONORTE;2500 AUSTRIA;AUSTRIA;100;L;RECOLETA;2;6.146.826.409;2
PASEO COLON;1100;99;195000;1969,7;;3;2;20;;FRENTE;;;;2;;;BALCON;;ZONAPROP.COM_SAN TELMO;1100 PASEO COLON;AV. PASEO COLON;100;L;SAN TELMO;1;1.233.152,82;4
LASTRA;3800;77;160000;2077,9;;3;3;35;;FRENTE;;SI;;2;SI;;BALCON;;ARGENPROP.COM/VILLADEVOTO;3800 LASTRA;AV. LASTRA;100;L;VILLA DEVOTO;11;6.403.818.336;3
AMENABAR;2300;203;648000;3192,1;;5;4;5;;CONTRAFRENTE;;;SI;3;SI;;TERRAZA;;ZONAPROP/BELGRANO;2300 AMENABAR;AMENABAR;100;L;BELGRANO;13;7.929.988.805;2
CABRERA, JOSE A.;3000;41;88000;2146,3;5;2;1;;;FRENTE;;;;0;;;;;INMUEBLESCLARIN.COM/BARIO NORTE;3000 CABRERA, JOSE A.;JOSE ANTONIO CABRERA;91;L;RECOLETA;2;6.146.826.409;2
JUNIN;1400;114;300000;2631,6;;1;1;;;;;SI;;1;SI;SI;BALCON TERRAZA;;ARGENPROP.COM/BARRIONORTE;1400 JUNIN;JUNIN;100;L;RECOLETA;2;6.146.826.409;2
JUSTO, JUAN B.;8000;94;120000;1276,6;8;3;2;15;;FRENTE;;SI;;1;;;BALCON;;ARGENPROP.COM/VILLALURO;8000 JUSTO, JUAN B.;AV. JUAN B. JUSTO;90;R;VILLA LURO;10;2.566.739.336;3
SUIPACHA;1100;398;1350000;3392;;4;3;50;;FRENTE;;;;4;;;PATIO;;ZONAPROP.COM_RETIRO;1100 SUIPACHA;SUIPACHA;100;L;RETIRO;1;4.547.765.746;1
HELGUERA;4300;58;110000;1896,6;;2;1;;A ESTRENAR;FRENTE;DUPLEX;;;2;SI;;BALCON;;ARGENPROP.COM/VILLAPUEYRREDON;4300 HELGUERA;HELGUERA;100;L;VILLA PUEYRREDON;12;3.302.910,10;3
BULNES;100;82;145000;1768,3;2;3;2;10;;FRENTE;;;;2;;;BALCON;;INMUEBLESCLARIN.COM/ALMAGRO;100 BULNES;BULNES;100;L;ALMAGRO;5;4.051.222.618;3
ANCHORENA, TOMAS M. DE, DR;300;75;110000;1466,7;3;4;3;50;;FRENTE;;SI;;0;SI;SI;TERRAZA;;INMUEBLESCLARIN.COM/ALMAGRO;300 ANCHORENA, TOMAS M. DE, DR;DOCTOR TOMAS MANUEL DE ANCHORENA;60;L;BALVANERA;3;4.341.063.997;3
HEREDIA;1100;49;123000;2510,2;;2;1;;;FRENTE;;;SI;0;SI;;;;ZONAPROP.COM_VILLA ORTUZAR;1100 HEREDIA;HEREDIA;100;L;VILLA ORTUZAR;15;1.853.740.362;3
BULNES;1900;73;357000;4890,4;9;3;2;;A ESTRENAR;CONTRAFRENTE;;;SI;2;SI;SI;TERRAZA;;BUSCAINMUEBLE/BARRIO NORTE;1900 BULNES;BULNES;100;L;PALERMO;14;15.773.573.191;2
LA PLATA;2400;52;100000;1923,1;;2;1;;A ESTRENAR;FRENTE;;SI;SI;0;SI;;BALCON;;ZONAPROP.COM_POMPEYA;2400 LA PLATA;AV. LA PLATA;100;L;NUEVA POMPEYA;4;4.969.107.186;4
PALESTINA;1000;28;115000;4107,1;5;0;0;4;;LATERAL;;SI;SI;1;;;;;ARGENPROP.COM/ALMAGRO;1000 PALESTINA;PALESTINA;100;L;ALMAGRO;5;4.051.222.618;3
BOEDO;500;39;75000;1923,1;;1;1;;;;;;;1;;;;;ARGENPROP.COM/ALMAGRO;500 BOEDO;AV. BOEDO;100;L;ALMAGRO;5;4.051.222.618;3
LOPEZ, CARLOS ANTONIO;3300;49;95000;1938,8;7;1;1;;;;;;;0;;;BALCON;;ARGENPROP.COM/VILLADEVOTO;3300 LOPEZ, CARLOS ANTONIO;CARLOS ANTONIO LOPEZ;96;L;VILLA PUEYRREDON;12;3.302.910,10;3
LOPEZ, CARLOS ANTONIO;2600;150;132000;880;1;4;3;20;;FRENTE;;;;0;SI;;TERRAZA;;ZONAPROP.COM_VILLA PUEYRREDON;2600 LOPEZ, CARLOS ANTONIO;CARLOS ANTONIO LOPEZ;96;L;VILLA PUEYRREDON;12;3.302.910,10;3
BEAUCHEF;1100;58;70000;1206,9;1;0;0;;;FRENTE;;;;0;SI;SI;TERRAZA;;ZONAPROP.COM_PARQUE CHACABUCO;1100 BEAUCHEF;BEAUCHEF;100;L;PARQUE CHACABUCO;7;3.833.086.018;4
AVALOS;2100;43;118000;2744,2;5;1;1;4;;CONTRAFRENTE;;;;1;SI;;BALCON;;ARGENPROP.COM/VILLAURQUIZA;2100 AVALOS;AVALOS;100;L;VILLA URQUIZA;12;5.448.470.069;3
ANDONAEGUI;3000;74;83000;1121,6;;0;0;;A ESTRENAR;;;;;0;;;TERRAZA;;ARGENPROP.COM/VILLAURQUIZA;3000 ANDONAEGUI;ANDONAEGUI;100;L;VILLA URQUIZA;12;5.448.470.069;3
JUNCAL;1300;135;385000;2851,9;;3;2;46;;;;;SI;2;SI;SI;;;ZONAPROP.COM_RETIRO;1300 JUNCAL;JUNCAL;100;L;RETIRO;1;4.547.765.746;1
CONDARCO;4800;75;171400;2285,3;6;2;2;;;FRENTE;;;SI;2;SI;;BALCON;;ARGENPROP.COM/VILLAPUEYRREDON;4800 CONDARCO;CONDARCO;100;L;VILLA PUEYRREDON;12;3.302.910,10;3
ARISMENDI;2400;42;108300;2578,6;3;2;1;;A ESTRENAR;;;;;1;;;BALCON;;ARGENPROP.COM/VILLAURQUIZA;2400 ARISMENDI;ARISMENDI;37;;PARQUE CHAS;15;1.384.889.921;3
TRIUNVIRATO;3700;30;87000;2900;2;0;0;;A ESTRENAR;CONTRAFRENTE;;;;1;;;;;ARGENPROP.COM/VILLAURQUIZA;3700 TRIUNVIRATO;AV. TRIUNVIRATO;100;L;VILLA ORTUZAR;15;1.853.740.362;3
MARTINEZ ENRIQUE GRAL.;200;73;240000;3287,7;;3;2;5;;FRENTE;;SI;SI;2;SI;;TERRAZA;;ZONAPROP/CHACARITA;200 MARTINEZ ENRIQUE GRAL.;GRAL. ENRIQUE MARTINEZ;91;L;COLEGIALES;13;2.288.708.124;2
CALLAO;1300;161;500000;3105,6;11;3;3;35;;FRENTE;;;SI;2;SI;SI;BALCON;;ARGENPROP.COM/BARRIONORTE;1300 CALLAO;AV. CALLAO;100;L;RECOLETA;2;6.146.826.409;2
CABRERA, JOSE A.;3200;34;89500;2632,4;;2;1;3;;;;;SI;0;;;;;INMUEBLESCLARIN.COM/BARIO NORTE;3200 CABRERA, JOSE A.;JOSE ANTONIO CABRERA;91;L;RECOLETA;2;6.146.826.409;2
LAPRIDA;1100;102;295000;2892,2;4;4;4;30;;CONTRAFRENTE;SEMIPISO;;SI;1;SI;SI;BALCON;;ARGENPROP.COM/BARRIONORTE;1100 LAPRIDA;LAPRIDA;100;L;RECOLETA;2;6.146.826.409;2
NOGOYA;3300;93;185000;1989,2;;3;2;;;;;;;2;;;BALCON;;ARGENPROP.COM/VILLADELPARQUE;3300 NOGOYA;NOGOYA;100;L;VILLA DEL PARQUE;11;3.398.880.018;3
URIBURU JOSE E. PRES.;1200;50;160000;3200;8;1;1;28;;FRENTE;;;;1;SI;;BALCON;;ARGENPROP.COM/BARRIONORTE;1200 URIBURU JOSE E. PRES.;PRESIDENTE JOSE EVARISTO URIBURU;91;L;RECOLETA;2;6.146.826.409;2
CALDERON DE LA BARCA, PEDRO;3200;58;114000;1965,5;;3;2;35;;LATERAL;;SI;;0;;;BALCON;;ARGENPROP.COM/VILLADEVOTO;3200 CALDERON DE LA BARCA, PEDRO;PEDRO CALDERON DE LA BARCA;97;L;VILLA DEVOTO;11;6.403.818.336;3
CARACAS;5000;43;70000;1627,9;5;2;1;25;;CONTRAFRENTE;;;;1;;;BALCON;;ARGENPROP.COM/VILLAPUEYRREDON;5000 CARACAS;CARACAS;100;L;VILLA PUEYRREDON;12;3.302.910,10;3
TANDIL;6800;97;140000;1443,3;;3;2;;A ESTRENAR;;;;SI;2;SI;SI;PATIO;;ZONAPROP.COM_MATADEROS;6800 TANDIL;TANDIL;100;L;MATADEROS;9;7.398.564,74;4
CUBAS, JOSE;3400;59;120000;2033,9;8;1;1;5;;FRENTE;;;;1;;;TERRAZA;;ARGENPROP.COM/VILLADEVOTO;3400 CUBAS, JOSE;JOSE CUBAS;94;L;VILLA DEVOTO;11;6.403.818.336;3
BILLINGHURST;900;40;107000;2675;;2;1;;;;;;;1;SI;;BALCON;;ARGENPROP.COM/BARRIONORTE;900 BILLINGHURST;BILLINGHURST;100;L;ALMAGRO;5;4.051.222.618;3
TRIUNVIRATO;4100;68;219000;3220,6;2;3;2;5;;CONTRAFRENTE;;;SI;1;SI;;BALCON;;ARGENPROP.COM/VILLAURQUIZA;4100 TRIUNVIRATO;AV. TRIUNVIRATO;100;L;PARQUE CHAS;15;1.384.889.921;3
ECUADOR;367;60;118000;1966,7;;3;2;;;;;;;0;SI;;BALCON;;INMUEBLESCLARIN.COM/BALVANERA;367 ECUADOR;ECUADOR;100;R;BALVANERA;3;4.341.063.997;3
ESTADOS UNIDOS;1800;58;85000;1465,5;;3;2;;;LATERAL;;;;0;SI;SI;;;ZONAPROP.COM_SAN CRISTOBAL;1800 ESTADOS UNIDOS;ESTADOS UNIDOS;100;L;CONSTITUCION;1;2.102.671.125;4
PEÑA;2700;42;98000;2333,3;;2;1;40;;LATERAL;;;;0;SI;;;;INMUEBLESCLARIN.COM/BARIO NORTE;2700 PEÑA;PEÑA;100;L;RECOLETA;2;6.146.826.409;2
CHARLONE;500;50;158000;3160;;2;1;;;FRENTE;;;;2;;;TERRAZA;;ZONAPROP/COLEGIALES;500 CHARLONE;CHARLONE;100;L;CHACARITA;15;3.118.091.649;3
MIRALLA;2500;106;155000;1462,3;;4;3;;A ESTRENAR;;;;;2;;;PATIO;;ZONAPROP.COM_MATADEROS;2500 MIRALLA;MIRALLA;100;L;MATADEROS;9;7.398.564,74;4
PUEYRREDON;700;53;89900;1696,2;5;3;2;;;CONTRAFRENTE;;;;0;SI;;;;INMUEBLESCLARIN.COM/BARIO NORTE;700 PUEYRREDON;AV. PUEYRREDON;100;L;BALVANERA;3;4.341.063.997;3
PERON, JUAN DOMINGO, TTE.;4400;37;81900;2213,5;4;0;0;;A ESTRENAR;FRENTE;;;;0;;;;;INMUEBLESCLARIN.COM/ALMAGRO;4400 PERON, JUAN DOMINGO, TTE.;TENIENTE GENERAL JUAN DOMINGO PERON;92;L;ALMAGRO;5;4.051.222.618;3
GASCON;300;98;175000;1785,7;;3;3;30;;FRENTE;;;;1;SI;;;;ARGENPROP.COM/ALMAGRO;300 GASCON;GASCON;100;L;ALMAGRO;5;4.051.222.618;3
LYNCH MARTA;400;140;740000;5285,7;;3;2;;;FRENTE;;SI;SI;4;SI;;;;ZONAPROP/PUERTO MADERO;400 LYNCH MARTA;MARTA LYNCH;100;L;PUERTO MADERO;1;5.025.406.025;1
CHACABUCO;800;97;165000;1701;;3;2;;;INTERNO;;;;2;;;PATIO;;ZONAPROP.COM_SAN TELMO;800 CHACABUCO;CHACABUCO;100;L;SAN TELMO;1;1.233.152,82;4
DEL LIBERTADOR;3600;500;2300000;4600;18;7;6;;;FRENTE;;;SI;0;;;;;ARGENPROP.COM/PALERMO;3600 DEL LIBERTADOR;AV. DEL LIBERTADOR;100;L;PALERMO;14;15.773.573.191;2
DONADO;3500;97;210000;2164,9;;3;2;45;;CONTRAFRENTE;;;;0;SI;;TERRAZA;;BUSCAINMUEBLE/SAAVEDRA;3500 DONADO;DONADO;100;L;VILLA URQUIZA;12;5.448.470.069;3
CORDOBA;1800;60;160000;2666,7;8;2;2;;40;FRENTE;;SI;;1;;;BALCON;;ARGENPROP.COM/BARRIONORTE;1800 CORDOBA;AV. CORDOBA;100;L;SAN NICOLAS;1;2.288.975.233;1
SAN LUIS;3000;71;195000;2746,5;1;3;2;2;;CONTRAFRENTE;;;;2;SI;;TERRAZA;;BUSCAINMUEBLE/ONCE;3000 SAN LUIS;SAN LUIS;100;L;BALVANERA;3;4.341.063.997;3
MANSO JUANA;500;64;410000;6406,3;;2;1;3;;FRENTE;;;SI;1;;;;;ZONAPROP/PUERTO MADERO;500 MANSO JUANA;JUANA MANSO;100;L;PUERTO MADERO;1;5.025.406.025;1
GONZALEZ, ELPIDIO;2800;71;131000;1845,1;1;2;2;19;;CONTRAFRENTE;;;;1;;;TERRAZA;;ARGENPROP.COM/VILLAGENERALMITRE;2800 GONZALEZ, ELPIDIO;ELPIDIO GONZALEZ;96;L;VILLA SANTA RITA;11;2.153.947.048;3
VALLE, ARISTOBULO DEL;1100;230;280000;1217,4;1;7;6;70;;FRENTE;;;;2;SI;SI;TERRAZA;;BUSCAINMUEBLE/BARRACAS;1100 VALLE, ARISTOBULO DEL;ARISTOBULO DEL VALLE;96;L;BOCA;4;5.024.629.902;4
LAVALLEJA;800;85;155000;1823,5;1;3;3;45;;FRENTE;;;;2;SI;;BALCON;;ARGENPROP.COM/ALMAGRO;800 LAVALLEJA;LAVALLEJA;100;L;VILLA CRESPO;15;3.613.373.642;3
ARREGUI;3900;55;100000;1818,2;;2;2;25;;FRENTE;;;;0;;;BALCON;;ARGENPROP.COM/VILLADEVOTO;3900 ARREGUI;ARREGUI;100;L;VILLA DEL PARQUE;11;3.398.880.018;3
RIVADAVIA;700;240;275000;1145,8;;5;4;100;;FRENTE;;;;2;SI;;TERRAZA;;ZONAPROP/CENTRO;700 RIVADAVIA;RIVADAVIA;100;L;MONTSERRAT;1;2.200.624.563;1
SARANDI;700;77;135000;1753,2;5;3;2;30;;FRENTE;;SI;;1;SI;;BALCON;;ARGENPROP.COM/BALVANERA;700 SARANDI;SARANDI;100;L;BALVANERA;3;4.341.063.997;3
SANTA FE;3600;135;365000;2703,7;;4;4;46;;;;SI;;2;SI;;BALCON;;ARGENPROP.COM/PALERMO;3600 SANTA FE;AV. SANTA FE;100;L;PALERMO;14;15.773.573.191;2
ZAPATA;100;60;170000;2833,3;;3;2;;A ESTRENAR;CONTRAFRENTE;;;;1;SI;SI;PATIO;;ARGENPROP.COM/PALERMO;100 ZAPATA;ZAPATA;100;L;PALERMO;14;15.773.573.191;2
CEVALLOS, VIRREY;1000;60;92000;1533,3;;2;1;10;;FRENTE;;;;0;SI;SI;;;ZONAPROP.COM_MONSERRAT;1000 CEVALLOS, VIRREY;VIRREY CEVALLOS;95;L;CONSTITUCION;1;2.102.671.125;4
DE LA TORRE, LISANDRO;1500;170;240000;1411,8;;4;3;;;FRENTE;DUPLEX;;SI;3;SI;SI;BALCON;;ZONAPROP.COM_MATADEROS;1500 DE LA TORRE, LISANDRO;LISANDRO DE LA TORRE;96;L;MATADEROS;9;7.398.564,74;4
AUSTRIA;2400;130;285000;2192,3;8;3;3;50;;FRENTE;DUPLEX;;;1;;SI;TERRAZA;;ARGENPROP.COM/BARRIONORTE;2400 AUSTRIA;AUSTRIA;100;L;RECOLETA;2;6.146.826.409;2
LACROZE, FEDERICO;1800;120;305000;2541,7;;3;3;40;;FRENTE;DUPLEX;;;2;SI;;BALCON TERRAZA;;ARGENPROP.COM/PALERMO;1800 LACROZE, FEDERICO;FEDERICO LACROZE;96;L;PALERMO;14;15.773.573.191;2
ROCHA;1700;38;87000;2289,5;6;2;1;45;;CONTRAFRENTE;;;;0;;;;;INMUEBLESCLARIN.COM/BARRACAS;1700 ROCHA;ROCHA;100;L;BARRACAS;4;7.878.302.179;4
LAVALLE;700;50;150000;3000;;2;1;25;;FRENTE;;;;1;;;;;ZONAPROP/CENTRO;700 LAVALLE;LAVALLE;100;L;SAN NICOLAS;1;2.288.975.233;1
NAZARRE;2700;108;185000;1713;6;3;3;35;;CONTRAFRENTE;;;SI;2;SI;;BALCON;;ARGENPROP.COM/VILLADELPARQUE;2700 NAZARRE;NAZARRE;100;L;VILLA DEL PARQUE;11;3.398.880.018;3
ESTADO DE ISRAEL;4400;90;189000;2100;;3;2;60;;CONTRAFRENTE;;;;0;;;;RECIC;ZONAPROP.COM_SAN TELMO;4400 ESTADO DE ISRAEL;AV. ESTADO DE ISRAEL;100;L;ALMAGRO;5;4.051.222.618;3
AZURDUY JUANA;2400;105;193000;1838,1;;5;4;;A ESTRENAR;FRENTE;;;;3;SI;SI;TERRAZA;;ZONAPROP/NUÑEZ;2400 AZURDUY JUANA;JUANA AZURDUY;100;L;NUÑEZ;13;4.351.538.489;2
CONDARCO;4800;55;125000;2272,7;7;1;1;;;CONTRAFRENTE;;;SI;0;SI;;BALCON;;ARGENPROP.COM/VILLAPUEYRREDON;4800 CONDARCO;CONDARCO;100;L;VILLA PUEYRREDON;12;3.302.910,10;3
ARTIGAS, JOSE GERVASIO DE,;1600;90;160000;1777,8;;3;2;;;CONTRAFRENTE;;;;0;;;;;ZONAPROP.COM_PATERNAL;1600 ARTIGAS, JOSE GERVASIO DE;GENERAL JOSE GERVASIO ARTIGAS;94;L;VILLA GRAL. MITRE;11;2.162.702.276;3
ZELADA;5800;65;84000;1292,3;1;2;1;10;;CONTRAFRENTE;POR ESCALERA;;;0;SI;SI;TERRAZA;;ZONAPROP.COM_MATADEROS;5800 ZELADA;ZELADA;100;L;MATADEROS;9;7.398.564,74;4
LAS HERAS, GRAL.;2900;220;396000;1800;;5;4;;;;;;;2;;SI;;;ARGENPROP.COM/BARRIONORTE;2900 LAS HERAS, GRAL.;AV. GRAL. LAS HERAS;91;L;RECOLETA;2;6.146.826.409;2
O'HIGGINS;2300;183;480000;2623;;5;4;35;;FRENTE;;;SI;4;SI;SI;TERRAZA;;BUSCAINMUEBLE/NUÑEZ;2300 O'HIGGINS;O' HIGGINS;92;L;BELGRANO;13;7.929.988.805;2
ANCHORENA, TOMAS M. DE, DR;600;24;55000;2291,7;6;1;1;40;;CONTRAFRENTE;;;;1;;;;;ZONAPROP/ABASTO;600 ANCHORENA, TOMAS M. DE, DR;DOCTOR TOMAS MANUEL DE ANCHORENA;60;L;BALVANERA;3;4.341.063.997;3
QUITO;3700;44;88000;2000;;1;1;;;;;;SI;1;;;BALCON;;ARGENPROP.COM/ALMAGRO;3700 QUITO;QUITO;100;L;ALMAGRO;5;4.051.222.618;3
RIVADAVIA;3200;84;142000;1690,5;3;3;2;50;;CONTRAFRENTE;SEMIPISO;;;1;SI;SI;;;ARGENPROP.COM/BALVANERA;3200 RIVADAVIA;AV. RIVADAVIA;100;L;BALVANERA;3;4.341.063.997;3
BILLINGHURST;2100;39;89000;2282,1;;2;1;45;;INTERNO;;;;1;;;;;ARGENPROP.COM/BARRIONORTE;2100 BILLINGHURST;BILLINGHURST;100;L;RECOLETA;2;6.146.826.409;2
MITRE, BARTOLOME;4400;48;107000;2229,2;2;0;0;1;;CONTRAFRENTE;;;;1;SI;;BALCON;;ARGENPROP.COM/ALMAGRO;4400 MITRE, BARTOLOME;BARTOLOME MITRE;95;L;ALMAGRO;5;4.051.222.618;3
LA PAMPA;800;120;313000;2608,3;;3;2;;;FRENTE;;;;3;;;TERRAZA;;ZONAPROP/BELGRANO;800 LA PAMPA;LA PAMPA;100;L;BELGRANO;13;7.929.988.805;2
ITUZAINGO;900;60;117000;1950;8;2;1;;A ESTRENAR;CONTRAFRENTE;;;;0;;;;;INMUEBLESCLARIN.COM/BARRACAS;900 ITUZAINGO;ITUZAINGO;100;L;BARRACAS;4;7.878.302.179;4
CIUDAD DE LA PAZ;100;35;98000;2800;;1;1;;;FRENTE;;;;1;;;;;ZONAPROP/BELGRANO;100 CIUDAD DE LA PAZ;CIUDAD DE LA PAZ;100;L;PALERMO;14;15.773.573.191;2
ZELARRAYAN;1500;124;135000;1088,7;;4;3;;;CONTRAFRENTE;TIPO CASA;SI;;2;SI;SI;TERRAZA;;ZONAPROP.COM_PARQUE CHACABUCO;1500 ZELARRAYAN;ZELARRAYAN;100;L;PARQUE CHACABUCO;7;3.833.086.018;4
CALLAO;2000;174;365000;2097,7;1;4;4;70;;FRENTE;;SI;;2;;SI;TERRAZA;;ARGENPROP.COM/BARRIONORTE;2000 CALLAO;AV. CALLAO;100;L;RECOLETA;2;6.146.826.409;2
ALSINA, ADOLFO;2900;30;66000;2200;5;1;1;50;;LATERAL;;;;1;;;;;ARGENPROP.COM/BALVANERA;2900 ALSINA, ADOLFO;ADOLFO ALSINA;95;L;BALVANERA;3;4.341.063.997;3
SANTA FE;3300;45;89000;1977,8;1;0;0;;;LATERAL;;;;1;;;;;ARGENPROP.COM/PALERMO;3300 SANTA FE;AV. SANTA FE;100;L;PALERMO;14;15.773.573.191;2
URQUIZA, GRAL.;2200;180;380000;2111,1;;4;3;;;FRENTE;;;SI;3;SI;SI;TERRAZA;;ZONAPROP.COM_PARQUE PATRICIOS;2200 URQUIZA, GRAL.;GRAL. URQUIZA;90;L;PARQUE PATRICIOS;4;3.743.273.658;4
GALLO;1100;80;137500;1718,8;;2;1;;;;;;;2;;;TERRAZA;;INMUEBLESCLARIN.COM/BARIO NORTE;1100 GALLO;GALLO;100;L;RECOLETA;2;6.146.826.409;2
CORDOBA;4300;45;95000;2111,1;1;2;1;;30;FRENTE;;;;1;;;BALCON;;ARGENPROP.COM/PALERMO;4300 CORDOBA;AV. CORDOBA;100;L;VILLA CRESPO;15;3.613.373.642;3
THAMES;2200;45;100899;2242,2;;0;0;;A ESTRENAR;CONTRAFRENTE;;;;1;;;BALCON;;ARGENPROP.COM/PALERMO;2200 THAMES;THAMES;100;L;PALERMO;14;15.773.573.191;2
BELAUSTEGUI, LUIS, DR.;3400;42;79500;1892,9;;3;2;40;;LATERAL;;;;0;;;;;ZONAPROP.COM_VILLA SANTA RITA;3400 BELAUSTEGUI, LUIS, DR.;DR. LUIS BELAUSTEGUI;57;L;VILLA SANTA RITA;11;2.153.947.048;3
JUNIN;500;50;104500;2090;;3;1;;;CONTRAFRENTE;;;;1;;;;;ARGENPROP.COM/BARRIONORTE;500 JUNIN;JUNIN;100;L;BALVANERA;3;4.341.063.997;3
MANSO JUANA;1100;169;700000;4142;;3;2;1;;FRENTE;;SI;SI;3;;;;;ZONAPROP/PUERTO MADERO;1100 MANSO JUANA;JUANA MANSO;100;L;PUERTO MADERO;1;5.025.406.025;1
LAMBARE;1100;50;79500;1590;5;3;2;35;;LATERAL;;;;1;SI;;;;ARGENPROP.COM/ALMAGRO;1100 LAMBARE;LAMBARE;100;L;ALMAGRO;5;4.051.222.618;3
CONDARCO;3000;97;214000;2206,2;;3;3;;;FRENTE;;;;2;SI;;TERRAZA;;ARGENPROP.COM/VILLADELPARQUE;3000 CONDARCO;CONDARCO;100;L;VILLA DEL PARQUE;11;3.398.880.018;3
RIVADAVIA;3400;151;174900;1158,3;1;4;4;;;FRENTE;;;;4;;SI;BALCON;;ARGENPROP.COM/ALMAGRO;3400 RIVADAVIA;AV. RIVADAVIA;100;L;BALVANERA;3;4.341.063.997;3
QUESADA;4800;50;111000;2220;3;2;1;;;FRENTE;SEMIPISO;SI;SI;1;;;;;ARGENPROP.COM/VILLAPUEYRREDON;4800 QUESADA;QUESADA;100;L;VILLA URQUIZA;12;5.448.470.069;3
CORDOBA;2000;117;199000;1700,9;;4;3;;25;FRENTE;;;;4;SI;SI;BALCON;;ARGENPROP.COM/BARRIONORTE;2000 CORDOBA;AV. CORDOBA;100;L;BALVANERA;3;4.341.063.997;3
TUCUMAN;3300;82;151500;1847,6;;2;1;;A ESTRENAR;CONTRAFRENTE;;;;1;;;TERRAZA;;ZONAPROP/ALMAGRO;3300 TUCUMAN;TUCUMAN;100;L;BALVANERA;3;4.341.063.997;3
ALTOLAGUIRRE;2100;43;85000;1976,7;5;2;1;;A ESTRENAR;CONTRAFRENTE;;;SI;1;SI;;BALCON;;ARGENPROP.COM/VILLAURQUIZA;2100 ALTOLAGUIRRE;ALTOLAGUIRRE;100;L;VILLA URQUIZA;12;5.448.470.069;3
MOLDES;3100;69;172000;2492,8;;3;2;;;FRENTE;;;;2;SI;;TERRAZA;;ZONAPROP/BELGRANO;3100 MOLDES;MOLDES;100;L;NUÑEZ;13;4.351.538.489;2
ALTOLAGUIRRE;2300;73;190000;2602,7;3;2;2;;A ESTRENAR;CONTRAFRENTE;;;SI;2;SI;;BALCON;;ARGENPROP.COM/VILLAURQUIZA;2300 ALTOLAGUIRRE;ALTOLAGUIRRE;100;L;VILLA URQUIZA;12;5.448.470.069;3
ARENALES;2100;417;1200000;2877,7;4;4;4;60;;FRENTE;;SI;;0;;SI;;;ARGENPROP.COM/BARRIONORTE;2100 ARENALES;ARENALES;100;L;RECOLETA;2;6.146.826.409;2
SAN MARTIN;3600;95;110000;1157,9;;2;2;30;;FRENTE;;;;2;;;PATIO;;ARGENPROP.COM/AGRONOMIA;3600 SAN MARTIN;AV. SAN MARTIN;100;L;VILLA DEVOTO;11;6.403.818.336;3
PALESTINA;700;37;65000;1756,8;PB;2;1;;;;;;;0;;;;;INMUEBLESCLARIN.COM/ALMAGRO;700 PALESTINA;PALESTINA;100;L;ALMAGRO;5;4.051.222.618;3
VARELA, JOSE PEDRO;3100;110;195000;1772,7;;3;2;;;;;;;0;;;;;ZONAPROP.COM_VILLA DEL PARQUE;3100 VARELA, JOSE PEDRO;JOSE PEDRO VARELA;96;L;VILLA DEL PARQUE;11;3.398.880.018;3
GOMEZ, VALENTIN;3500;61;170000;2805,7;2;3;2;;A ESTRENAR;FRENTE;;;SI;1;SI;;TERRAZA;;BUSCAINMUEBLE/ABASTO;3500 GOMEZ, VALENTIN;VALENTIN GOMEZ;95;L;ALMAGRO;5;4.051.222.618;3
MAZA;200;53;99000;1867,9;7;3;2;30;;FRENTE;;;;0;SI;;;;INMUEBLESCLARIN.COM/ALMAGRO;200 MAZA;MAZA;100;L;ALMAGRO;5;4.051.222.618;3
ALTOLAGUIRRE;3200;60;130000;2166,7;;1;1;;A ESTRENAR;FRENTE;SEMIPISO;;SI;2;;;BALCON;;ARGENPROP.COM/VILLAURQUIZA;3200 ALTOLAGUIRRE;ALTOLAGUIRRE;100;L;VILLA URQUIZA;12;5.448.470.069;3
BOSCH, VENTURA;7100;45;75000;1666,7;;2;1;5;;CONTRAFRENTE;POR ESCALERA;;;0;SI;SI;;;ZONAPROP.COM_LINIERS;7100 BOSCH, VENTURA;VENTURA BOSCH;95;L;LINIERS;9;4.374.207.539;3
BRAVO, MARIO;700;41;78000;1902,4;1;0;0;50;;LATERAL;;;;0;;;;;INMUEBLESCLARIN.COM/ALMAGRO;700 BRAVO, MARIO;MARIO BRAVO;94;L;ALMAGRO;5;4.051.222.618;3
FITZ ROY;2100;64;155000;2421,9;2;2;1;3;;FRENTE;;;;0;;;TERRAZA;;ARGENPROP.COM/PALERMO;2100 FITZ ROY;FITZ ROY;100;L;PALERMO;14;15.773.573.191;2
TERRERO;100;235;320000;1361,7;;4;3;;;FRENTE;;;;2;SI;SI;TERRAZA;;ZONAPROP/CABALLITO;100 TERRERO;TERRERO;100;L;FLORES;7;8.594.550.061;3
PEÑA;3100;140;550000;3928,6;6;4;3;11;;FRENTE;;SI;SI;0;SI;SI;TERRAZA;;INMUEBLESCLARIN.COM/BARIO NORTE;3100 PEÑA;PEÑA;100;L;RECOLETA;2;6.146.826.409;2
TUCUMAN;1400;78;140000;1794,9;;0;0;;;FRENTE;;;;0;;;;;ZONAPROP.COM_TRIBUNALES;1400 TUCUMAN;TUCUMAN;100;L;SAN NICOLAS;1;2.288.975.233;1
SIMBRON;3500;46;115000;2500;;2;1;;;FRENTE;;SI;SI;0;SI;SI;;;ZONAPROP.COM_VILLA DEL PARQUE;3500 SIMBRON;SIMBRON;100;L;VILLA DEL PARQUE;11;3.398.880.018;3
ARCOS;1900;158;298000;1883,1;;3;2;;;FRENTE;;SI;SI;3;;;;;ZONAPROP/BELGRANO;1900 ARCOS;ARCOS;100;L;BELGRANO;13;7.929.988.805;2
ZUVIRIA;700;111;160000;1441,4;;4;3;;;FRENTE;;;;0;SI;SI;;RECIC;ZONAPROP.COM_PARQUE CHACABUCO;700 ZUVIRIA;ZUVIRIA;100;L;PARQUE CHACABUCO;7;3.833.086.018;4
CARRIL, SALVADOR MARIA DEL;2300;68;162000;2382,4;6;3;2;6;;FRENTE;;;SI;2;SI;;TERRAZA;;ARGENPROP.COM/VILLAPUEYRREDON;2300 CARRIL, SALVADOR MARIA DEL;AV. SALVADOR MARIA DEL CARRIL;97;L;AGRONOMIA;15;2.122.760,91;3
BRAVO, MARIO;800;41;74000;1804,9;2;0;0;;A ESTRENAR;FRENTE;;;;0;;;;;ARGENPROP.COM/ALMAGRO;800 BRAVO, MARIO;MARIO BRAVO;94;L;ALMAGRO;5;4.051.222.618;3
AUSTRIA;2200;65;197000;3030,8;;3;2;20;;FRENTE;;SI;SI;2;SI;;;;ZONAPROP/BARRIO NORTE;2200 AUSTRIA;AUSTRIA;100;L;RECOLETA;2;6.146.826.409;2
PARAGUAY;800;32;89000;2781,3;;1;1;;;FRENTE;;;;1;;;;;ZONAPROP/CENTRO;800 PARAGUAY;PARAGUAY;100;L;RETIRO;1;4.547.765.746;1
ECUADOR;200;32;47000;1468,8;;2;1;;;FRENTE;;;;1;;;;;BUSCAINMUEBLE/ONCE;200 ECUADOR;ECUADOR;37;;BALVANERA;3;4.341.063.997;3
CAMARONES;1995;38;64386;1694,4;;1;0;;A ESTRENAR;;;;;0;;;;;ZONAPROP.COM_PATERNAL;1995 CAMARONES;CAMARONES;100;R;VILLA GRAL. MITRE;11;2.162.702.276;3
ALVAREZ JONTE;2200;57;93000;1631,6;;3;2;;A ESTRENAR;;;;;0;SI;SI;;;ZONAPROP.COM_VILLA DEL PARQUE;2200 ALVAREZ JONTE;ALVAREZ JONTE;100;L;VILLA GRAL. MITRE;11;2.162.702.276;3
RAMSAY;1800;157;480000;3057,3;;4;3;;A ESTRENAR;FRENTE;;;SI;5;SI;SI;TERRAZA;;ZONAPROP/NUÑEZ;1800 RAMSAY;RAMSAY;37;;BELGRANO;13;7.929.988.805;2
YRIGOYEN, HIPOLITO;3400;32;60000;1875;8;1;1;;;CONTRAFRENTE;;;;1;SI;;TERRAZA;;ARGENPROP.COM/BALVANERA;3400 YRIGOYEN, HIPOLITO;AV. HIPOLITO YRIGOYEN;96;L;ALMAGRO;5;4.051.222.618;3
BRASIL;1700;26;44000;1692,3;;1;1;5;;FRENTE;;;;1;;;;;ZONAPROP/CONSTITUCION;1700 BRASIL;BRASIL;100;L;CONSTITUCION;1;2.102.671.125;4
CONDE;3200;129;303000;2348,8;;4;3;;;FRENTE;;;;2;SI;;;;ZONAPROP/COGHLAN;3200 CONDE;CONDE;100;L;COGHLAN;12;1.280.052,73;2
HUMAHUACA;3400;52;76000;1461,5;;0;0;60;;FRENTE;;;;0;;;;;INMUEBLESCLARIN.COM/ABASTO;3400 HUMAHUACA;HUMAHUACA;100;L;BALVANERA;3;4.341.063.997;3
LAVALLEJA;2900;77;105000;1363,6;;0;0;;;;;;;0;SI;;;;INMUEBLESCLARIN.COM/ABASTO;2900 LAVALLEJA;LAVALLE;85;L;BALVANERA;3;4.341.063.997;3
COMBATIENTES DE MALVINAS;3000;40;111000;2775;;2;1;;;CONTRAFRENTE;;;;0;SI;SI;;;ZONAPROP.COM_VILLA ORTUZAR;3000 COMBATIENTES DE MALVINAS;AV. COMBATIENTES DE MALVINAS;37;;PARQUE CHAS;15;1.384.889.921;3
LOPEZ, VICENTE;1900;87;220000;2528,7;;3;3;40;;FRENTE;;;;1;SI;;BALCON;;ARGENPROP.COM/BARRIONORTE;1900 LOPEZ, VICENTE;VICENTE LOPEZ;95;L;RECOLETA;2;6.146.826.409;2
LACROZE, FEDERICO;3000;38;100000;2631,6;;1;1;2;;FRENTE;;;;1;;;TERRAZA;;ZONAPROP/COLEGIALES;3000 LACROZE, FEDERICO;AV. FEDERICO LACROZE;96;L;COLEGIALES;13;2.288.708.124;2
DELLEPIANE, LUIS, TTE. GRAL.;4700;94;80000;851,1;;5;4;25;;FRENTE;;;;2;SI;;BALCON;;ARGENPROP.COM/VILLALUGANO;4700 DELLEPIANE, LUIS, TTE. GRAL.;AV. TENIENTE GENERAL LUIS J. DELLEPIANE;90;L;VILLA LUGANO;8;8.991.811.686;4
LAPRIDA;1500;93;160000;1720,4;3;2;2;;;;DUPLEX;;;1;;;;;ARGENPROP.COM/BARRIONORTE;1500 LAPRIDA;LAPRIDA;100;L;RECOLETA;2;6.146.826.409;2
CORRIENTES;3800;50;87000;1740;1;2;2;50;;LATERAL;;;;1;SI;;;;ARGENPROP.COM/ALMAGRO;3800 CORRIENTES;AV. CORRIENTES;100;L;ALMAGRO;5;4.051.222.618;3
JUNIN;1100;97;225000;2319,6;7;2;2;38;;CONTRAFRENTE;SEMIPISO;;;2;SI;SI;;;ARGENPROP.COM/BARRIONORTE;1100 JUNIN;JUNIN;100;L;RECOLETA;2;6.146.826.409;2
PINO, VIRREY DEL;2000;172;629000;3657;;4;3;;;;;SI;SI;0;SI;SI;TERRAZA;;INMUEBLESCLARIN.COM/BELGRANO;2000 PINO, VIRREY DEL;VIRREY DEL PINO;95;L;BELGRANO;13;7.929.988.805;2
BELGRANO;3300;46;75000;1630,4;1;1;0;2;;;;;SI;0;;;TERRAZA;;INMUEBLESCLARIN.COM/ALMAGRO;3300 BELGRANO;AV. BELGRANO;100;L;BALVANERA;3;4.341.063.997;3
GELLY Y OBES, GRAL.;2200;179;585000;3268,2;;5;3;50;;FRENTE;DUPLEX;;SI;2;SI;SI;TERRAZA;;ZONAPROP/BARRIO NORTE;2200 GELLY Y OBES, GRAL.;AV. GRAL. GELLY Y OBES;31;;RECOLETA;2;6.146.826.409;2
CABELLO;3900;99;295000;2979,8;;4;3;;;FRENTE;;;;3;SI;;;;ARGENPROP.COM/PALERMO;3900 CABELLO;CABELLO;100;L;PALERMO;14;15.773.573.191;2
GARDEL, CARLOS;3100;41;78800;1922;;1;0;;;CONTRAFRENTE;;;;0;;;;;INMUEBLESCLARIN.COM/ALMAGRO;3100 GARDEL, CARLOS;CARLOS GARDEL;33;;BALVANERA;3;4.341.063.997;3
CONCORDIA;900;65;96000;1476,9;;3;2;;35;CONTRAFRENTE;;;;0;SI;SI;;;ZONAPROP.COM_LINIERS;900 CONCORDIA;CONCORDIA;100;L;FLORESTA;10;2.321.309.375;3
MARECHAL, LEOPOLDO;1300;41;98000;2396,1;;0;0;;;;;;;0;;;TERRAZA;;ZONAPROP/ABASTO;1300 MARECHAL, LEOPOLDO;LEOPOLDO MARECHAL;96;L;VILLA CRESPO;15;3.613.373.642;3
ALVAREZ JONTE;6200;72;120000;1666,7;;3;2;;;FRENTE;LOFT;SI;;3;SI;;PATIO;;ZONAPROP.COM_VERSALLES;6200 ALVAREZ JONTE;AV. ALVAREZ JONTE;100;L;VERSALLES;10;1.407.296.672;3
HUMAHUACA;3800;71;170000;2394,4;4;2;2;10;;CONTRAFRENTE;SEMIPISO;SI;;1;SI;;BALCON;;ARGENPROP.COM/ALMAGRO;3800 HUMAHUACA;HUMAHUACA;100;L;ALMAGRO;5;4.051.222.618;3
SAENZ PENA, LUIS, PRES.;100;198;198000;998,2;;3;2;35;;FRENTE;;SI;SI;2;SI;;TERRAZA;;ZONAPROP/CONGRESO;100 SAENZ PENA, LUIS, PRES.;PRESIDENTE LUIS SAENZ PEÑA;91;L;MONTSERRAT;1;2.200.624.563;1
DIAZ VELEZ;4200;45;110400;2453,3;6;2;1;;A ESTRENAR;LATERAL;;;SI;0;;;;;INMUEBLESCLARIN.COM/ALMAGRO;4200 DIAZ VELEZ;AV. DIAZ VELEZ;100;L;ALMAGRO;5;4.051.222.618;3
CASTRO EMILIO;5000;64;140000;2187,5;;3;2;;A ESTRENAR;FRENTE;;;SI;0;;;BALCON;;ARGENPROP.COM/VILLALURO;5000 CASTRO EMILIO;EMILIO CASTRO;95;L;VILLA LURO;10;2.566.739.336;3
INCLAN;4200;43;69000;1604,7;;3;2;40;;CONTRAFRENTE;;;;1;SI;;;;ZONAPROP/BOEDO;4200 INCLAN;INCLAN;100;L;BOEDO;5;2.607.835.114;4
CORRIENTES;3500;100;230000;2300;;3;3;5;;FRENTE;;;SI;2;;;BALCON;;ARGENPROP.COM/ALMAGRO;3500 CORRIENTES;AV. CORRIENTES;100;L;ALMAGRO;5;4.051.222.618;3
ALVAREZ PRADO MANUEL;2400;63;82000;1301,6;2;3;2;;;FRENTE;;;;1;SI;;;;ARGENPROP.COM/VILLAPUEYRREDON;2400 ALVAREZ PRADO MANUEL;MANUEL ALVAREZ PRADO;34;;VILLA PUEYRREDON;12;3.302.910,10;3
SARMIENTO;2600;113;179000;1584,1;1;4;3;80;;FRENTE;;;;1;SI;SI;TERRAZA;;BUSCAINMUEBLE/ONCE;2600 SARMIENTO;SARMIENTO;100;L;BALVANERA;3;4.341.063.997;3
LLAVALLOL;4700;70;109000;1557,1;1;2;1;;A ESTRENAR;FRENTE;;;;1;;;BALCON;;ARGENPROP.COM/VILLADEVOTO;4700 LLAVALLOL;LLAVALLOL;100;L;VILLA DEVOTO;11;6.403.818.336;3
ECUADOR;500;95;119000;1252,6;1;3;2;35;;FRENTE;;;;0;SI;SI;BALCON;;ARGENPROP.COM/BALVANERA;500 ECUADOR;ECUADOR;100;L;BALVANERA;3;4.341.063.997;3
PARAGUAY;4700;226;1200000;5309,7;;4;4;;A ESTRENAR;FRENTE;;SI;SI;0;;SI;BALCON;;ARGENPROP.COM/PALERMO;4700 PARAGUAY;PARAGUAY;100;L;PALERMO;14;15.773.573.191;2
LAMAS, ANDRES;2000;140;115000;821,4;;3;2;70;;INTERNO;;;;0;;;TERRAZA;;ZONAPROP.COM_PATERNAL;2000 LAMAS, ANDRES;ANDRES LAMAS;94;L;VILLA GRAL. MITRE;11;2.162.702.276;3
CAFAYATE;5200;65;40000;615,4;17;3;2;50;;;;;;0;SI;;;;ARGENPROP.COM/VILLALUGANO;5200 CAFAYATE;CAFAYATE;100;L;VILLA LUGANO;8;8.991.811.686;4
JUNIN;200;104;198000;1903,8;2;3;2;;;FRENTE;;;;0;;;;;INMUEBLESCLARIN.COM/BALVANERA;200 JUNIN;JUNIN;100;L;BALVANERA;3;4.341.063.997;3
LE BRETON, TOMAS A.;4700;35;69500;1985,7;4;0;0;;A ESTRENAR;CONTRAFRENTE;;;;0;;;BALCON;;ARGENPROP.COM/VILLAURQUIZA;4700 LE BRETON, TOMAS A.;TOMAS A. LE BRETON;93;L;VILLA URQUIZA;12;5.448.470.069;3
EL MAESTRO;100;310;500000;1612,9;;5;4;20;;FRENTE;;SI;SI;4;SI;SI;TERRAZA;;ZONAPROP/CABALLITO;100 EL MAESTRO;EL MAESTRO;100;L;CABALLITO;6;6.851.079.059;3
PARAGUAY;400;78;175000;2243,6;2;3;3;80;;FRENTE;;;;0;;;BALCON;;ARGENPROP.COM/BARRIONORTE;400 PARAGUAY;PARAGUAY;100;L;RETIRO;1;4.547.765.746;1
BILLINGHURST;1700;30;72000;2400;1;0;0;45;;INTERNO;;;;1;SI;;;;ARGENPROP.COM/BARRIONORTE;1700 BILLINGHURST;BILLINGHURST;100;L;RECOLETA;2;6.146.826.409;2
CALVO, CARLOS;2654;50;89700;1794;;2;1;;A ESTRENAR;CONTRAFRENTE;;;SI;0;SI;;BALCON;;ZONAPROP.COM_SAN CRISTOBAL;2654 CALVO, CARLOS;CARLOS CALVO;94;L;SAN CRISTOBAL;3;2.043.952.644;4
GASCON;1100;85;205000;2411,8;2;4;3;29;;CONTRAFRENTE;;;SI;1;SI;;BALCON;;ARGENPROP.COM/PALERMO;1100 GASCON;GASCON;100;L;ALMAGRO;5;4.051.222.618;3
MELINCUE;4700;39;58000;1487,2;2;1;1;45;;CONTRAFRENTE;;;;1;SI;;;;ARGENPROP.COM/VILLADEVOTO;4700 MELINCUE;MELINCUE;100;L;VILLA DEVOTO;11;6.403.818.336;3
CORRIENTES;4400;110;250000;2272,7;6;3;3;38;;FRENTE;;;;1;SI;SI;BALCON;;ARGENPROP.COM/ALMAGRO;4400 CORRIENTES;AV. CORRIENTES;100;L;ALMAGRO;5;4.051.222.618;3
QUESADA;5300;44;105000;2386,4;1;2;1;5;;FRENTE;;;SI;1;SI;;BALCON;;ARGENPROP.COM/VILLAURQUIZA;5300 QUESADA;QUESADA;100;L;VILLA URQUIZA;12;5.448.470.069;3
LAPRIDA;1600;90;240000;2666,7;4;2;2;40;;FRENTE;SEMIPISO;;;0;;SI;BALCON;;ARGENPROP.COM/BARRIONORTE;1600 LAPRIDA;LAPRIDA;100;L;RECOLETA;2;6.146.826.409;2
TUCUMAN;1500;35;75000;2142,9;;1;0;60;;CONTRAFRENTE;;;;0;;;;RECIC;ZONAPROP.COM_TRIBUNALES;1500 TUCUMAN;TUCUMAN;100;L;SAN NICOLAS;1;2.288.975.233;1
SANTA FE;3300;222;329000;1482;13;3;2;45;;FRENTE;;;;2;;SI;TERRAZA;;INMUEBLESCLARIN.COM/BARIO NORTE;3300 SANTA FE;AV. SANTA FE;100;L;PALERMO;14;15.773.573.191;2
INDEPENDENCIA;1300;37;75500;2040,5;;1;0;;A ESTRENAR;CONTRAFRENTE;;;SI;0;;;;;ZONAPROP.COM_SAN CRISTOBAL;1300 INDEPENDENCIA;AV. INDEPENDENCIA;100;L;MONTSERRAT;1;2.200.624.563;1
QUINTANA;100;195;640000;3282,1;;2;2;;;;;;;2;;SI;;;ARGENPROP.COM/BARRIONORTE;100 QUINTANA;PRESIDENTE QUINTANA;91;R;RECOLETA;2;6.146.826.409;2
NAZCA;5500;64;125000;1953,1;;3;2;;;FRENTE;;SI;;0;;;;;ZONAPROP.COM_VILLA PUEYRREDON;5500 NAZCA;NAZCA;100;L;VILLA PUEYRREDON;12;3.302.910,10;3
DEL LIBERTADOR;7000;290;1900000;6551,7;;4;3;4;;FRENTE;;SI;SI;3;SI;SI;TERRAZA;;BUSCAINMUEBLE/NUÑEZ;7000 DEL LIBERTADOR;AV. DEL LIBERTADOR;100;L;NUÑEZ;13;4.351.538.489;2
RIVADAVIA;3900;37;84000;2270,3;6;1;1;50;;CONTRAFRENTE;;;;1;SI;;TERRAZA;;BUSCAINMUEBLE/ALMAGRO;3900 RIVADAVIA;AV. RIVADAVIA;100;L;ALMAGRO;5;4.051.222.618;3
HUAURA;1400;120;140000;1166,7;;3;2;50;;FRENTE;;;;0;SI;;TERRAZA;;ZONAPROP.COM_SAN TELMO;1400 HUAURA;HUAURA;37;;VILLA CRESPO;15;3.613.373.642;3
THAMES;400;75;145000;1933,3;4;4;3;;;FRENTE;;;;2;SI;;;;ZONAPROP.COM_SAN TELMO;400 THAMES;THAMES;100;L;VILLA CRESPO;15;3.613.373.642;3
FINOCHIETTO ENRIQUE DR.;400;52;82000;1576,9;;2;1;15;;FRENTE;;;;0;SI;;;;INMUEBLESCLARIN.COM/BARRACAS;400 FINOCHIETTO ENRIQUE DR.;DOCTOR ENRIQUE FINOCHIETTO;63;R;BARRACAS;4;7.878.302.179;4
VIAMONTE;2100;35;97500;2785,7;;2;1;;;LATERAL;;;;0;;;;;INMUEBLESCLARIN.COM/BARIO NORTE;2100 VIAMONTE;VIAMONTE;100;L;BALVANERA;3;4.341.063.997;3
RODRIGUEZ PENA;500;122;310000;2541;3;4;3;80;;FRENTE;;SI;;0;SI;SI;BALCON TERRAZA;;INMUEBLESCLARIN.COM/BARIO NORTE;500 RODRIGUEZ PENA;RODRIGUEZ PEÑA;100;L;SAN NICOLAS;1;2.288.975.233;1
BILLINGHURST;1800;82;189000;2304,9;;3;2;60;;FRENTE;;SI;;0;SI;;;;INMUEBLESCLARIN.COM/BARIO NORTE;1800 BILLINGHURST;BILLINGHURST;100;L;RECOLETA;2;6.146.826.409;2
ARROYO;800;375;1350000;3600;;4;4;85;;;;SI;;3;SI;SI;BALCON;;ARGENPROP.COM/BARRIONORTE;800 ARROYO;ARROYO;37;;RETIRO;1;4.547.765.746;1
BLANCO ENCALADA;5600;58;102000;1758,6;;2;1;1;;;;;;1;;;;;ARGENPROP.COM/VILLAURQUIZA;5600 BLANCO ENCALADA;BLANCO ENCALADA;100;L;VILLA URQUIZA;12;5.448.470.069;3
CORDOBA;2500;56;125000;2232,1;8;3;2;;;CONTRAFRENTE;;SI;;2;;;;;INMUEBLESCLARIN.COM/BARIO NORTE;2500 CORDOBA;AV. CORDOBA;100;L;RECOLETA;2;6.146.826.409;2
MAGALLANES;1200;66;88000;1333,3;;3;2;;;FRENTE;;;;0;SI;;TERRAZA;;ZONAPROP/LA BOCA;1200 MAGALLANES;MAGALLANES;100;L;BOCA;4;5.024.629.902;4
AUSTRIA;2200;36;89900;2497,2;6;2;1;45;;LATERAL;;;;1;SI;;;;ARGENPROP.COM/BARRIONORTE;2200 AUSTRIA;AUSTRIA;100;L;RECOLETA;2;6.146.826.409;2
CORRIENTES;4200;38;91000;2394,7;6;0;0;2;;FRENTE;;;;1;SI;;BALCON;;ARGENPROP.COM/ALMAGRO;4200 CORRIENTES;AV. CORRIENTES;100;L;ALMAGRO;5;4.051.222.618;3
ARIAS;3000;56;120000;2142,9;1;1;1;3;;CONTRAFRENTE;;;SI;1;;;TERRAZA;;BUSCAINMUEBLE/SAAVEDRA;3000 ARIAS;ARIAS;100;L;SAAVEDRA;12;5.536.171.349;2
PEÑA;2600;130;300000;2307,7;;3;2;;;;DUPLEX;;;2;;;PATIO;;ARGENPROP.COM/BARRIONORTE;2600 PEÑA;PEÑA;100;L;RECOLETA;2;6.146.826.409;2
BASAVILBASO;1200;176;520000;2954,5;;5;4;40;;CONTRAFRENTE;;SI;SI;3;SI;SI;TERRAZA;;ZONAPROP.COM_RETIRO;1200 BASAVILBASO;BASAVILBASO;37;;RETIRO;1;4.547.765.746;1
YATAY;100;71;148000;2084,5;;2;2;30;;FRENTE;SEMIPISO;;SI;1;;;;;ARGENPROP.COM/ALMAGRO;100 YATAY;YATAY;100;L;ALMAGRO;5;4.051.222.618;3
PUEYRREDON;1700;45;160000;3555,6;;1;1;6;;FRENTE;;;;1;;;BALCON;;ARGENPROP.COM/BARRIONORTE;1700 PUEYRREDON;AV. PUEYRREDON;100;L;RECOLETA;2;6.146.826.409;2
ECUADOR;1100;104;200000;1923,1;;4;3;30;;FRENTE;;;;2;;;BALCON;;INMUEBLESCLARIN.COM/BARIO NORTE;1100 ECUADOR;ECUADOR;100;L;RECOLETA;2;6.146.826.409;2
PERU;300;48;82500;1718,8;;2;1;;;CONTRAFRENTE;;;;0;;;;;ZONAPROP.COM_MONSERRAT;300 PERU;PERU;100;L;MONTSERRAT;1;2.200.624.563;1
ZELADA;4500;63;63000;1000;1;1;0;;A ESTRENAR;FRENTE;POR ESCALERA;;;0;;;BALCON;;ARGENPROP.COM/VILLALURO;4500 ZELADA;ZELADA;100;L;VILLA LURO;10;2.566.739.336;3
ALVAREZ, THOMAS;900;90;227000;2522,2;;3;2;;A ESTRENAR;FRENTE;;;;0;SI;SI;TERRAZA;;ZONAPROP.COM_VILLA ORTUZAR;900 ALVAREZ, THOMAS;AV. ALVAREZ THOMAS;95;L;CHACARITA;15;3.118.091.649;3
BELGRANO;2400;51;95000;1862,7;;3;2;;;CONTRAFRENTE;;;;0;SI;;;;ZONAPROP.COM_SAN CRISTOBAL;2400 BELGRANO;AV. BELGRANO;100;L;BALVANERA;3;4.341.063.997;3
DE LOS INCAS;4600;64;139500;2179,7;2;3;2;35;;FRENTE;;;;1;;;BALCON;;ARGENPROP.COM/VILLAURQUIZA;4600 DE LOS INCAS;AV. DE LOS INCAS;100;L;PARQUE CHAS;15;1.384.889.921;3
DEL LIBERTADOR;6800;35;131000;3742,9;9;1;1;;A ESTRENAR;FRENTE;;;;1;;;TERRAZA;;BUSCAINMUEBLE/NUÑEZ;6800 DEL LIBERTADOR;AV. DEL LIBERTADOR;100;L;NUÑEZ;13;4.351.538.489;2
ANCHORENA, TOMAS M. DE, DR;300;48;79500;1656,3;;3;2;;;;;;;0;;;PATIO;;INMUEBLESCLARIN.COM/ABASTO;300 ANCHORENA, TOMAS M. DE, DR;DOCTOR TOMAS MANUEL DE ANCHORENA;60;L;BALVANERA;3;4.341.063.997;3
MORENO, JOSE MARIA;300;30;90500;3016,7;;1;1;;A ESTRENAR;CONTRAFRENTE;;;;1;;;TERRAZA;;ARGENPROP.COM/ALMAGRO;300 MORENO, JOSE MARIA;AV. JOSE MARIA MORENO;96;L;CABALLITO;6;6.851.079.059;3
PERON, EVA;1000;81;159520;1969,4;;3;2;;A ESTRENAR;FRENTE;;;SI;2;SI;SI;;;ZONAPROP.COM_PARQUE CHACABUCO;1000 PERON, EVA;AV. EVA PERON;31;;PARQUE CHACABUCO;7;3.833.086.018;4
ARENALES;2200;91;248000;2725,3;;3;2;;;FRENTE;;SI;;1;SI;;TERRAZA;;ZONAPROP/BARRIO NORTE;2200 ARENALES;ARENALES;100;L;RECOLETA;2;6.146.826.409;2
SANTA FE;1300;175;398000;2274,3;;5;3;;;CONTRAFRENTE;;SI;;3;SI;SI;TERRAZA;;ZONAPROP/BARRIO NORTE;1300 SANTA FE;AV. SANTA FE;100;L;RETIRO;1;4.547.765.746;1
SAAVEDRA;900;35;72000;2057,1;;2;1;30;;FRENTE;;;;0;;;;;ZONAPROP.COM_SAN CRISTOBAL;900 SAAVEDRA;SAAVEDRA;100;L;SAN CRISTOBAL;3;2.043.952.644;4
SANTIAGO DEL ESTERO;1500;50;61000;1220;;3;2;70;;LATERAL;;;;1;SI;;;;ZONAPROP/CONSTITUCION;1500 SANTIAGO DEL ESTERO;SANTIAGO DEL ESTERO;100;L;CONSTITUCION;1;2.102.671.125;4
QUESADA;2300;85;186000;2188,2;;4;3;40;;FRENTE;;;;3;SI;SI;TERRAZA;;BUSCAINMUEBLE/NUÑEZ;2300 QUESADA;QUESADA;100;L;NUÑEZ;13;4.351.538.489;2
QUITO;3700;25;59000;2360;3;1;0;;;;;;;0;;;;;INMUEBLESCLARIN.COM/ALMAGRO;3700 QUITO;QUITO;100;L;ALMAGRO;5;4.051.222.618;3
RIOBAMBA;800;40;90000;2250;;2;1;40;;FRENTE;;;;0;;;;;INMUEBLESCLARIN.COM/BARIO NORTE;800 RIOBAMBA;RIOBAMBA;100;L;BALVANERA;3;4.341.063.997;3
URIBURU JOSE E. PRES.;1200;165;480000;2909,1;4;4;3;50;;FRENTE;;SI;;2;SI;SI;;;ARGENPROP.COM/BARRIONORTE;1200 URIBURU JOSE E. PRES.;PRESIDENTE JOSE EVARISTO URIBURU;91;L;RECOLETA;2;6.146.826.409;2
GARAY, JUAN DE;2200;58;98000;1689,7;;0;0;;;;;;;0;SI;;BALCON;;ZONAPROP.COM_SAN CRISTOBAL;2200 GARAY, JUAN DE;AV. JUAN DE GARAY;95;L;PARQUE PATRICIOS;4;3.743.273.658;4
SEGUI, F. J., ALTE.;700;105;299000;2847,6;;4;3;10;;;;;SI;3;SI;SI;TERRAZA;;ZONAPROP.COM_PATERNAL;700 SEGUI, F. J., ALTE.;ALMIRANTE F. J. SEGUI;83;L;CABALLITO;6;6.851.079.059;3
BRANDSEN;1200;63;118000;1873;;3;2;;;FRENTE;;;;0;SI;;BALCON;;INMUEBLESCLARIN.COM/BARRACAS;1200 BRANDSEN;BRANDSEN;100;L;BARRACAS;4;7.878.302.179;4
LACROZE, FEDERICO;1800;203;335000;1650,2;;5;4;40;;FRENTE;;SI;SI;2;SI;SI;TERRAZA;;ZONAPROP/BELGRANO;1800 LACROZE, FEDERICO;FEDERICO LACROZE;96;L;PALERMO;14;15.773.573.191;2
PEREZ ROQUE;4200;63;128000;2031,7;;2;1;;;FRENTE;TRIPLEX;;SI;1;;;TERRAZA;;BUSCAINMUEBLE/SAAVEDRA;4200 PEREZ ROQUE;ROQUE PEREZ;94;L;SAAVEDRA;12;5.536.171.349;2
ARENALES;3000;72;157000;2180,6;6;3;2;45;;CONTRAFRENTE;;;;1;;SI;BALCON;;ARGENPROP.COM/BARRIONORTE;3000 ARENALES;ARENALES;100;L;RECOLETA;2;6.146.826.409;2
BEIRO, FRANCISCO;3200;67;139000;2074,6;;4;3;30;;FRENTE;;;;0;SI;SI;TERRAZA;;ZONAPROP.COM_VILLA DEL PARQUE;3200 BEIRO, FRANCISCO;AV. FRANCISCO BEIRO;95;L;VILLA DEL PARQUE;11;3.398.880.018;3
ALVAREZ, THOMAS;3000;46;95000;2065,2;1;1;1;30;;FRENTE;;;;1;SI;;TERRAZA;;ARGENPROP.COM/VILLAURQUIZA;3000 ALVAREZ, THOMAS;AV. ALVAREZ THOMAS;95;L;VILLA URQUIZA;12;5.448.470.069;3
MANSO JUANA;100;128;589000;4601,6;;3;2;6;;FRENTE;;SI;SI;0;SI;;;;ZONAPROP/PUERTO MADERO;100 MANSO JUANA;JUANA MANSO;100;L;PUERTO MADERO;1;5.025.406.025;1
LASCANO;2800;43;82000;1907;;3;2;;A ESTRENAR;;;;;0;;;;;ZONAPROP.COM_VILLA DEL PARQUE;2800 LASCANO;LASCANO;100;L;VILLA DEL PARQUE;11;3.398.880.018;3
HORTIGUERA;500;121;335000;2768,6;;4;3;4;;FRENTE;;;;2;SI;;TERRAZA;;ZONAPROP/CABALLITO;500 HORTIGUERA;HORTIGUERA;100;L;CABALLITO;6;6.851.079.059;3
ROCAMORA;4500;35;80000;2285,7;3;1;0;8;;CONTRAFRENTE;;;;0;;;;;INMUEBLESCLARIN.COM/ALMAGRO;4500 ROCAMORA;ROCAMORA;100;L;ALMAGRO;5;4.051.222.618;3
LA PLATA;2300;62;110000;1774,2;7;2;1;;;FRENTE;;;;0;;;;;ZONAPROP.COM_PARQUE CHACABUCO;2300 LA PLATA;AV. LA PLATA;100;L;NUEVA POMPEYA;4;4.969.107.186;4
VARELA, JOSE PEDRO;4200;66;135000;2045,5;;3;2;;;FRENTE;;;;1;SI;;;;ARGENPROP.COM/VILLADEVOTO;4200 VARELA, JOSE PEDRO;JOSE PEDRO VARELA;96;L;VILLA DEVOTO;11;6.403.818.336;3
MOSCONI, GRAL.;3100;40;80000;2000;;0;0;;A ESTRENAR;FRENTE;;;;1;;;BALCON;;ARGENPROP.COM/VILLAPUEYRREDON;3100 MOSCONI, GRAL.;AV. GRAL. MOSCONI;90;L;VILLA PUEYRREDON;12;3.302.910,10;3
ALVAREZ, THOMAS;3200;42;88000;2095,2;15;1;1;27;;FRENTE;;;;1;SI;;BALCON;;ARGENPROP.COM/VILLAURQUIZA;3200 ALVAREZ, THOMAS;AV. ALVAREZ THOMAS;95;L;VILLA URQUIZA;12;5.448.470.069;3
CONCORDIA;400;63;105000;1666,7;;3;2;;30;CONTRAFRENTE;;;;0;SI;SI;BALCON;;ZONAPROP.COM_LINIERS;400 CONCORDIA;CONCORDIA;100;L;FLORESTA;10;2.321.309.375;3
CORRIENTES;5000;115;264000;2295,7;;2;2;;A ESTRENAR;FRENTE;;;;2;;;TERRAZA;;ARGENPROP.COM/VILLACRESPO;5000 CORRIENTES;AV. CORRIENTES;100;L;VILLA CRESPO;15;3.613.373.642;3
